ADM1_EN,stunting_prev,coverage,cov_gap,z_stunt,z_gap,mismatch,stunt_t,gap_t,bi_class
Aceh,29.3,38.8,61.2,0.9973747199324339,-0.24232211848188598,0.7550526014505479,3,1,3-1
Sumatera Utara,18.9,19.4,80.6,-0.5962615248398596,1.1179814504598335,0.5217199256199739,1,3,1-3
Sumatera Barat,23.7,37.1,62.9,0.1392628958242758,-0.12312025934781803,0.016142636476457778,2,1,2-1
Riau,13.6,19.5,80.5,-1.4084030726565089,1.110969576393124,-0.2974334962633849,1,3,1-3
Jambi,13.5,23.4,76.6,-1.4237264980870117,0.8375064877914377,-0.586220010295574,1,3,1-3
Sumatera Selatan,20.3,23.3,76.7,-0.38173356881281983,0.8445183618581481,0.46278479304532827,1,3,1-3
Bengkulu,20.2,21.0,79.0,-0.39705699424332286,1.0057914653924755,0.6087344711491527,1,3,1-3
Lampung,14.9,36.4,63.6,-1.209198542059972,-0.07403714088084855,-1.2832356829408205,1,2,1-2
Kepulauan Bangka Belitung,20.7,29.1,70.9,-0.32043986709080874,0.43782966598897427,0.11738979889816553,2,2,2-2
Kepulauan Riau,16.8,29.5,70.5,-0.9180534588804184,0.40978216972213427,-0.5082712891582841,1,2,1-2
Dki Jakarta,17.6,45.3,54.7,-0.7954660554363958,-0.6980939328180293,-1.4935599882544253,1,1,1-1
Jawa Barat,21.7,53.8,46.2,-0.16720561278578058,-1.2941032284883707,-1.4613088412741513,2,1,2-1
Jawa Tengah,20.7,62.3,37.7,-0.32043986709080874,-1.890112524158712,-2.2105523912495206,2,1,2-1
Daerah Istimewa Yogyakarta,18.0,66.0,34.0,-0.7341723537143847,-2.1495518646269782,-2.8837242183413627,1,1,1-1
Jawa Timur,17.6,56.9,43.1,-0.7954660554363958,-1.5114713245563776,-2.3069373799927733,1,1,1-1
Banten,23.9,27.8,72.2,0.16990974668528133,0.5289840288562028,0.6988937755414841,2,2,2-2
Bali,7.2,62.8,37.2,-2.3891023002086893,-1.9251718944922613,-4.314274194700951,1,1,1-1
Nusa Tenggara Barat,24.5,57.8,42.2,0.26185029926829845,-1.5745781911567664,-1.312727891888468,2,1,2-1
Nusa Tenggara Timur,37.9,54.7,45.3,2.315189306955676,-1.35721009508876,0.9579792118669161,3,1,3-1
Kalimantan Barat,24.5,31.4,68.6,0.26185029926829845,0.2765565624546458,0.5384068617229443,2,2,2-2
Kalimantan Tengah,23.5,27.8,72.2,0.10861604496327028,0.5289840288562028,0.637600073819473,2,2,2-2
Kalimantan Selatan,24.7,36.9,63.1,0.292497150129304,-0.10909651121439803,0.18340063891490596,3,2,3-2
Kalimantan Timur,22.8,38.4,61.6,0.0013520669497506523,-0.2142746222150465,-0.21292255526529585,2,1,2-1
Kalimantan Utara,17.4,27.4,72.6,-0.8261129062974019,0.5570315251230418,-0.2690813811743601,1,3,1-3
Sulawesi Utara,21.3,25.6,74.4,-0.22849931450779162,0.6832452583238207,0.45474594381602906,2,3,2-3
Sulawesi Tengah,27.2,29.6,70.4,0.6755827858918745,0.40277029565542477,1.0783530815472993,3,2,3-2
Sulawesi Selatan,27.4,32.7,67.3,0.70622963675288,0.18540219958741735,0.8916318363402973,3,2,3-2
Sulawesi Tenggara,30.0,22.1,77.9,1.1046386979459535,0.9286608506586671,2.033299548604621,3,3,3-3
Gorontalo,26.8,29.4,70.6,0.6142890841698634,0.41679404378884377,1.0310831279587072,3,2,3-2
Sulawesi Barat,30.4,42.2,57.8,1.1659323996679645,-0.4807258367500229,0.6852065629179416,3,1,3-1
Maluku,28.4,30.6,69.4,0.8594638910579082,0.3326515549883258,1.192115446046234,3,2,3-2
Maluku Utara,23.6,31.5,68.5,0.12393947039377332,0.2695446883879363,0.3934841587817096,2,2,2-2
Papua,27.5,13.8,86.2,0.721553062183383,1.5106463981955884,2.2321994603789714,3,3,3-3
Papua Barat,38.4,17.4,82.6,2.39180643410819,1.2582189317940315,3.6500253659022217,3,3,3-3
