Province,Kabupaten_Kota,Stunting_pct,Stunting_CI_lower,Stunting_CI_upper,Wasting_pct,Wasting_CI_lower,Wasting_CI_upper,Underweight_pct,Underweight_CI_lower,Underweight_CI_upper,Overweight_pct,Overweight_CI_lower,Overweight_CI_upper,N_tertimbang,Stunting_note,Wasting_note,Underweight_note,Overweight_note
Aceh,Simeulue,30.7,26.6,35.1,17.8,13.5,23.2,28.2,22.5,34.8,1.9,0.9,3.8,125,,,, RSE>25%
Aceh,Aceh Singkil,34.1,28.8,39.9,11.8,8.2,16.7,16.1,12.0,21.2,8.6,6.1,12.1,196,,,,
Aceh,Aceh Selatan,40.2,35.5,45.1,13.1,9.7,17.6,20.1,15.3,26.1,6.7,4.6,9.6,277,,,,
Aceh,Aceh Tenggara,32.9,27.6,38.8,12.1,9.5,15.3,24.7,19.7,30.5,2.4,1.5,3.9,300,,,,RSE>25%
Aceh,Aceh Timur,29.7,25.4,34.3,14.7,11.8,18.3,28.1,24.7,31.6,3.2,1.9,5.6,569,,,,RSE>25%
Aceh,Aceh Tengah,23.6,19.9,27.7,6.1,4.3,8.6,11.4,8.6,14.9,4.0,2.6,6.1,286,,,,
Aceh,Aceh Barat,33.4,28.3,38.9,16.9,13.7,20.7,21.8,18.4,25.5,7.4,5.4,10.1,236,,,,
Aceh,Aceh Besar,30.1,25.8,34.7,20.2,16.3,24.8,26.6,22.6,31.0,3.8,2.5,5.8,503,,,,
Aceh,Pidie,29.5,25.8,33.6,17.3,14.0,21.2,23.6,20.5,27.0,2.7,1.7,4.2,531,,,,
Aceh,Bireuen,32.9,28.1,38.1,15.9,13.0,19.4,31.9,28.1,36.0,1.6,0.9,2.9,580,,,,RSE>25%
Aceh,Aceh Utara,25.2,21.3,29.5,10.4,8.1,13.2,20.4,17.1,24.2,1.3,0.7,2.5,776,,,,RSE>25%
Aceh,Aceh Barat Daya,27.9,24.1,32.1,10.4,7.8,13.8,21.5,18.2,25.3,0.9,0.4,2.1,187,,,,RSE>25%
Aceh,Gayo Lues,15.4,11.9,19.9,5.0,3.0,8.2,5.6,3.8,8.2,8.8,5.1,14.7,145,,RSE>25%,,RSE>25%
Aceh,Aceh Tamiang,35.9,31.0,41.2,17.0,14.1,20.4,26.8,22.9,31.1,3.7,2.5,5.5,377,,,,
Aceh,Nagan Raya,31.6,27.1,36.5,17.6,14.1,21.6,25.5,21.2,30.3,5.8,4.0,8.3,204,,,,
Aceh,Aceh Jaya,34.0,29.2,39.3,13.3,10.3,16.9,21.0,17.2,25.4,3.0,1.6,5.6,134,,,,RSE>25%
Aceh,Bener Meriah,32.2,27.6,37.2,5.0,3.2,7.7,17.3,14.3,20.9,2.9,1.7,4.9,211,,,,RSE>25%
Aceh,Pidie Jaya,29.4,23.5,36.0,12.9,8.7,18.7,22.7,17.7,28.7,3.1,1.1,8.5,203,,,,RSE>25%
Aceh,Kota Banda Aceh,21.7,18.1,25.9,12.9,10.3,16.2,18.9,14.8,23.8,3.0,1.8,4.8,320,,,,
Aceh,Kota Sabang,25.6,21.0,30.9,16.9,12.9,21.7,24.4,20.3,29.1,4.0,2.2,7.1,54,,,,RSE>25%
Aceh,Kota Langsa,25.6,21.3,30.5,12.4,9.5,16.2,19.9,16.5,23.8,4.6,3.1,6.9,231,,,,
Aceh,Kota Lhokseumawe,20.7,17.2,24.8,10.1,7.6,13.4,17.4,14.3,21.1,4.0,2.6,6.3,246,,,,
Aceh,Kota Subulussalam,29.6,25.0,34.6,14.8,11.5,18.9,20.0,15.8,25.0,4.4,3.1,6.4,150,,,,
Aceh,ACEH (Provinsi),29.4,28.3,30.5,13.6,12.9,14.5,22.6,21.7,23.6,3.5,3.2,3.9,6841,,,,
Sumatera Utara,Nias,20.3,16.6,24.6,7.6,5.4,10.6,12.7,10.0,16.0,3.8,2.2,6.3,211,,,,RSE>25%
Sumatera Utara,Mandailing Natal,20.7,16.1,26.3,7.8,5.7,10.5,15.8,11.7,21.1,2.3,1.4,3.7,716,,,,RSE>25%
Sumatera Utara,Tapanuli Selatan,15.6,11.1,21.5,0.9,0.3,2.7,5.7,3.4,9.4,1.8,1.0,3.3,405,,RSE>25%,RSE>25%,RSE>25%
Sumatera Utara,Tapanuli Tengah,23.8,19.0,29.2,7.5,5.4,10.4,16.5,13.0,20.7,2.2,1.2,4.0,515,,,,RSE>25%
Sumatera Utara,Tapanuli Utara,27.4,24.4,30.7,4.0,2.7,6.0,10.2,8.1,12.8,2.9,1.7,4.7,400,,,,RSE>25%
Sumatera Utara,Toba,28.0,24.1,32.3,2.2,1.1,4.7,15.1,12.3,18.5,4.0,2.7,5.8,283,,RSE>25%,,
Sumatera Utara,Labuhan Batu,20.2,16.3,24.7,6.9,4.7,9.8,12.1,9.1,15.9,3.9,2.4,6.3,659,,,,
Sumatera Utara,Asahan,11.0,8.2,14.7,6.7,4.9,9.0,11.1,8.6,14.1,1.8,1.0,3.3,1050,,,,RSE>25%
Sumatera Utara,Simalungun,17.7,13.8,22.4,7.3,5.4,9.9,12.9,10.0,16.3,1.3,0.5,3.0,1169,,,,RSE>25%
Sumatera Utara,Dairi,32.6,28.9,36.4,4.0,2.8,5.9,11.5,9.4,13.9,4.3,2.9,6.4,439,,,,
Sumatera Utara,Karo,24.7,20.4,29.5,6.1,4.0,9.2,10.6,8.0,13.8,5.9,4.1,8.3,472,,,,
Sumatera Utara,Deli Serdang,33.8,27.7,40.5,13.9,11.3,17.0,24.3,19.8,29.4,5.3,3.6,7.6,2401,,,,
Sumatera Utara,Langkat,16.9,13.1,21.6,10.7,8.2,13.9,14.5,11.1,18.8,3.6,2.1,6.2,1379,,,,RSE>25%
Sumatera Utara,Nias Selatan,31.8,27.6,36.4,8.1,5.8,11.3,13.0,10.2,16.4,7.5,4.9,11.3,569,,,,
Sumatera Utara,Humbang Hasundutan,18.4,14.6,22.9,3.1,2.1,4.7,8.7,6.4,11.6,2.6,1.5,4.2,269,,,,RSE>25%
Sumatera Utara,Pakpak Bharat,28.9,23.9,34.5,3.0,1.9,4.7,13.2,10.1,17.0,2.5,1.5,4.0,97,,,,RSE>25%
Sumatera Utara,Samosir,22.4,17.8,27.8,1.9,1.1,3.3,8.2,6.2,10.9,4.0,2.8,5.7,182,,RSE>25%,,
Sumatera Utara,Serdang Bedagai,14.4,11.3,18.2,5.1,3.5,7.3,12.1,9.0,16.1,0.9,0.4,1.9,842,,,,RSE>25%
Sumatera Utara,Batu Bara,17.7,14.3,21.7,17.6,14.2,21.5,22.4,18.8,26.5,3.4,2.2,5.3,647,,,,
Sumatera Utara,Padang Lawas Utara,21.8,16.8,27.8,8.4,6.1,11.4,14.5,11.5,18.1,6.0,4.0,9.1,385,,,,
Sumatera Utara,Padang Lawas,17.7,13.4,23.1,9.3,6.4,13.4,16.3,11.8,22.0,1.4,0.6,3.1,418,,,,RSE>25%
Sumatera Utara,Labuhan Batu Selatan,16.0,11.5,21.8,10.5,7.7,14.1,10.3,7.3,14.4,4.7,2.5,8.6,465,,,,RSE>25%
Sumatera Utara,Labuhan Batu Utara,9.6,6.7,13.4,4.6,3.2,6.5,7.9,5.5,11.2,1.5,0.9,2.7,552,,,,RSE>25%
Sumatera Utara,Nias Utara,20.3,16.1,25.3,11.2,8.5,14.7,15.7,12.7,19.2,1.3,0.6,2.6,229,,,,RSE>25%
Sumatera Utara,Nias Barat,28.9,24.5,33.8,15.5,12.2,19.5,25.7,21.9,30.0,5.1,3.3,7.7,152,,,,
Sumatera Utara,Kota Sibolga,10.6,8.1,13.8,8.5,5.8,12.2,11.5,8.5,15.3,1.8,0.8,4.0,122,,,,RSE>25%
Sumatera Utara,Kota Tanjung Balai,5.7,3.7,8.7,5.1,3.3,7.8,3.2,2.1,5.1,1.9,1.1,3.5,249,,,,RSE>25%
Sumatera Utara,Kota Pematang Siantar,7.7,5.2,11.4,4.2,2.8,6.3,7.2,5.0,10.1,4.5,3.0,6.7,303,,,,
Sumatera Utara,Kota Tebing Tinggi,10.4,7.9,13.6,15.8,11.7,20.8,15.8,12.7,19.6,3.4,2.1,5.2,218,,,,
Sumatera Utara,Kota Medan,5.8,3.9,8.6,4.0,2.3,6.7,3.3,1.9,5.8,3.9,2.5,6.2,2606,,RSE>25%,RSE>25%,
Sumatera Utara,Kota Binjai,19.4,16.1,23.3,11.6,9.6,14.0,17.3,14.3,20.7,4.0,2.6,6.2,370,,,,
Sumatera Utara,Kota Padangsidampuan,26.1,21.3,31.5,8.3,6.2,10.9,17.2,13.9,21.2,3.0,2.0,4.4,312,,,,
Sumatera Utara,Kota Gunungsitoli,18.9,15.3,23.0,4.3,2.5,7.6,14.3,10.7,18.9,2.5,1.5,4.3,211,,RSE>25%,,RSE>25%
Sumatera Utara,SUMATERA UTARA (Provinsi),18.9,17.7,20.2,7.9,7.3,8.6,13.2,12.3,14.1,3.5,3.1,3.9,19298,,,,
Sumatera Barat,Kepulauan Mentawai,33.7,27.3,40.7,12.7,9.6,16.7,24.3,19.6,29.7,2.4,1.1,4.9,114,,,,RSE>25%
Sumatera Barat,Pesisir Selatan,27.0,22.2,32.4,9.5,7.5,12.0,21.9,17.9,26.5,3.4,1.9,5.9,625,,,,RSE>25%
Sumatera Barat,Solok,25.4,20.0,31.7,4.5,2.9,6.8,15.0,11.3,19.6,3.0,1.8,4.9,448,,,,RSE>25%
Sumatera Barat,Sijunjung,28.5,24.3,33.1,12.1,9.7,15.2,25.3,21.3,29.7,1.4,0.7,2.7,302,,,,RSE>25%
Sumatera Barat,Tanah Datar,18.5,14.7,22.9,6.5,4.6,9.2,13.2,10.4,16.7,1.6,0.6,4.1,397,,,,RSE>25%
Sumatera Barat,Padang Pariaman,19.4,15.9,23.6,12.4,9.6,15.9,19.5,16.3,23.2,1.8,1.0,3.3,514,,,,RSE>25%
Sumatera Barat,Agam,20.1,16.9,23.8,7.9,5.9,10.6,13.2,10.8,16.0,2.8,1.7,4.4,598,,,,
Sumatera Barat,Lima Puluh Kota,28.6,23.8,33.9,5.1,3.5,7.3,15.9,12.9,19.5,2.6,1.6,4.3,433,,,,
Sumatera Barat,Pasaman,29.4,24.7,34.6,9.9,7.5,13.0,21.8,17.8,26.5,4.2,2.7,6.4,382,,,,
Sumatera Barat,Solok Selatan,14.7,11.3,18.9,13.4,9.9,17.7,11.8,9.1,15.2,0.9,0.3,2.2,243,,,,RSE>25%
Sumatera Barat,Dharmas Raya,17.7,15.0,20.7,10.0,7.2,13.9,16.9,14.1,20.1,2.5,1.5,4.1,295,,,,RSE>25%
Sumatera Barat,Pasaman Barat,29.7,25.3,34.4,9.0,6.4,12.5,19.5,16.5,23.0,2.0,1.2,3.5,575,,,,RSE>25%
Sumatera Barat,Kota Padang,24.2,20.7,28.1,12.0,9.2,15.5,18.7,15.9,21.9,3.7,2.4,5.8,1121,,,,
Sumatera Barat,Kota Solok,16.3,13.0,20.2,7.2,5.3,9.5,15.7,12.4,19.7,0.9,0.5,1.9,102,,,,RSE>25%
Sumatera Barat,Kota Sawah Lunto,19.5,16.1,23.4,9.1,6.8,12.1,16.3,13.2,20.0,1.9,1.0,3.7,83,,,,RSE>25%
Sumatera Barat,Kota Padang Panjang,15.8,12.4,20.0,2.5,1.5,4.1,8.3,6.0,11.4,1.9,1.0,3.6,80,,RSE>25%,,RSE>25%
Sumatera Barat,Kota Bukittinggi,20.1,17.0,23.6,5.3,3.5,8.0,12.6,10.4,15.2,3.1,1.9,4.8,154,,,,
Sumatera Barat,Kota Payakumbuh,19.8,14.8,26.0,10.7,8.4,13.7,12.8,9.7,16.6,2.9,1.7,5.1,179,,,,RSE>25%
Sumatera Barat,Kota Pariaman,17.7,14.6,21.2,9.6,7.3,12.7,18.2,14.8,22.2,1.8,1.0,3.2,124,,,,RSE>25%
Sumatera Barat,SUMATERA BARAT (Provinsi),23.6,22.5,24.9,9.3,8.6,10.2,17.6,16.7,18.6,2.7,2.3,3.1,6769,,,,
Riau,Kuantan Singingi,23.0,19.3,27.1,12.2,8.5,17.3,18.3,14.3,23.3,3.6,2.3,5.6,408,,,,
Riau,Indragiri Hulu,12.7,9.3,17.0,7.7,5.6,10.6,11.2,8.5,14.7,2.9,1.6,5.0,545,,,,RSE>25%
Riau,Indragiri Hilir,18.8,14.1,24.5,7.1,5.0,9.9,14.6,11.8,17.9,5.3,3.4,8.1,776,,,,
Riau,Pelalawan,10.1,7.2,14.0,8.6,5.5,13.4,12.3,9.1,16.3,2.9,1.8,4.5,518,,,,
Riau,Siak,10.4,8.0,13.5,8.9,6.8,11.4,14.3,11.5,17.7,2.6,1.6,4.3,576,,,,RSE>25%
Riau,Kampar,7.6,5.4,10.5,4.9,3.1,7.7,5.6,3.8,8.3,2.3,1.3,4.0,1161,,,,RSE>25%
Riau,Rokan Hulu,15.9,12.0,20.7,10.4,7.6,14.1,11.9,8.9,15.8,2.3,1.3,3.9,655,,,,RSE>25%
Riau,Bengkalis,17.9,15.5,20.6,9.1,6.9,12.0,17.5,14.5,20.9,2.2,1.4,3.6,778,,,,
Riau,Rokan Hilir,16.6,12.8,21.3,8.1,5.8,11.3,13.5,10.8,16.8,2.7,1.7,4.1,770,,,,
Riau,Kepulauan Meranti,19.6,16.2,23.6,8.6,6.3,11.6,15.4,12.3,19.1,3.3,1.9,5.8,254,,,,RSE>25%
Riau,Kota Pekan Baru,8.7,6.5,11.5,9.2,7.2,11.9,10.9,8.5,13.9,4.0,3.0,5.4,1256,,,,
Riau,Kota Dumai,14.9,11.2,19.5,5.3,3.7,7.6,11.8,8.7,15.8,1.8,1.0,3.2,419,,,,RSE>25%
Riau,RIAU (Provinsi),13.6,12.6,14.7,8.1,7.4,9.0,12.4,11.5,13.3,3.1,2.6,3.5,8116,,,,
Jambi,Kerinci,8.7,6.0,12.4,4.7,2.7,7.8,6.5,4.8,8.6,1.5,0.6,3.5,273,,RSE>25%,,RSE>25%
Jambi,Merangin,14.9,10.9,20.0,4.2,2.5,7.0,6.1,4.0,9.3,6.4,3.8,10.6,432,,RSE>25%,,RSE>25%
Jambi,Sarolangun,4.8,2.4,9.5,1.0,0.4,2.4,2.3,1.1,4.7,1.0,0.4,2.3,413,RSE>25%,RSE>25%,RSE>25%,RSE>25%
Jambi,Batanghari,10.1,7.7,13.0,6.0,4.2,8.4,9.5,7.2,12.4,2.3,1.4,3.9,372,,,,RSE>25%
Jambi,Muaro Jambi,12.0,8.6,16.5,7.7,5.3,11.3,11.2,8.0,15.5,2.3,1.3,4.1,488,,,,RSE>25%
Jambi,Tanjung Jabung Timur,23.7,19.0,29.3,11.2,8.1,15.3,16.4,13.0,20.4,6.2,3.9,9.5,281,,,,
Jambi,Tanjung Jabung Barat,14.1,10.8,18.3,7.6,5.2,11.0,11.3,8.2,15.2,3.2,2.1,4.9,408,,,,
Jambi,Tebo,22.7,18.5,27.5,7.9,5.8,10.8,13.7,10.3,17.9,4.9,3.4,7.0,444,,,,
Jambi,Bungo,13.7,9.9,18.6,5.3,3.4,8.1,8.4,5.9,11.9,3.0,1.8,5.0,445,,,,RSE>25%
Jambi,Kota Jambi,13.5,10.0,17.9,9.9,6.7,14.5,7.2,4.8,10.8,15.6,10.9,21.9,691,,,,
Jambi,Kota Sungai Penuh,4.1,2.0,8.3,1.4,0.2,9.1,3.1,1.2,8.3,0.8,0.1,5.2,108,RSE>25%,RSE>25%,RSE>25%,RSE>25%
Jambi,JAMBI (Provinsi),13.5,12.3,14.8,6.6,5.7,7.5,8.9,7.9,9.9,5.3,4.2,6.6,4355,,,,
Sumatera Selatan,Ogan Komering Ulu,15.7,12.8,19.1,6.2,4.6,8.2,14.7,11.7,18.3,3.1,1.8,5.3,449,,,,RSE>25%
Sumatera Selatan,Ogan Komering Ilir,32.5,27.9,37.4,8.3,6.0,11.6,20.1,16.4,24.5,7.4,5.1,10.6,840,,,,
Sumatera Selatan,Muara Enim,25.9,22.3,29.8,11.1,8.7,14.1,17.5,14.1,21.5,5.3,3.7,7.4,813,,,,
Sumatera Selatan,Lahat,7.8,5.7,10.7,4.1,2.8,5.9,7.9,5.6,11.0,1.2,0.7,2.1,505,,,,RSE>25%
Sumatera Selatan,Musi Rawas,21.9,19.1,25.1,11.4,9.2,14.0,20.1,16.7,24.1,4.0,2.6,5.9,451,,,,
Sumatera Selatan,Musi Banyu Asin,16.5,13.7,19.7,9.6,7.5,12.2,16.0,13.5,18.9,4.4,2.8,7.0,834,,,,
Sumatera Selatan,Banyu Asin,20.4,17.0,24.3,11.0,8.8,13.6,17.1,13.9,20.9,4.4,2.9,6.4,1015,,,,
Sumatera Selatan,Ogan Komering Ulu Selatan,23.0,19.3,27.2,11.4,8.5,15.1,12.9,10.3,16.2,6.8,4.8,9.6,476,,,,
Sumatera Selatan,Ogan Komering Ulu Timur,9.3,6.4,13.3,7.5,5.3,10.6,8.7,6.3,11.8,2.4,1.4,4.0,743,,,,RSE>25%
Sumatera Selatan,Ogan Ilir,22.9,18.9,27.4,7.9,5.9,10.6,16.7,13.5,20.5,5.8,3.7,8.9,492,,,,
Sumatera Selatan,Empat Lawang,32.6,28.6,37.0,12.5,9.4,16.3,18.9,15.0,23.6,4.6,2.7,7.6,350,,,,RSE>25%
Sumatera Selatan,Penukal Abab Lematang Ilir,15.4,11.1,21.1,6.8,4.4,10.3,10.2,7.2,14.4,3.6,2.3,5.6,270,,,,
Sumatera Selatan,Musi Rawas Utara,33.1,27.8,38.8,15.9,12.5,20.1,18.5,14.4,23.4,7.8,5.9,10.3,236,,,,
Sumatera Selatan,Kota Palembang,18.9,15.6,22.8,11.5,9.4,14.1,16.1,13.5,19.1,6.1,4.1,9.0,1938,,,,
Sumatera Selatan,Kota Prabumulih,15.4,12.2,19.3,9.1,6.6,12.6,12.5,9.3,16.6,7.8,4.1,14.4,243,,,,RSE>25%
Sumatera Selatan,Kota Pagar Alam,23.3,18.5,29.0,5.3,3.8,7.3,8.4,6.1,11.3,9.2,5.6,14.6,163,,,,
Sumatera Selatan,Kota Lubuk Linggau,17.5,14.2,21.2,9.0,6.8,11.8,13.8,10.9,17.3,4.7,3.3,6.6,302,,,,
Sumatera Selatan,SUMATERA SELATAN (Provinsi),20.3,19.2,21.4,9.7,9.0,10.4,15.4,14.5,16.4,5.1,4.4,5.8,10120,,,,
Bengkulu,Bengkulu Selatan,24.0,20.1,28.4,14.9,10.6,20.5,9.8,7.4,12.9,9.1,6.9,11.8,197,,,,
Bengkulu,Rejang Lebong,28.6,23.9,33.9,5.3,3.8,7.4,12.5,9.8,15.9,9.3,6.8,12.6,317,,,,
Bengkulu,Bengkulu Utara,21.6,18.7,24.9,7.1,5.1,9.8,14.2,11.7,17.1,2.8,1.6,4.9,373,,,,RSE>25%
Bengkulu,Kaur,14.3,10.7,18.9,5.4,3.5,8.1,9.5,7.3,12.4,3.4,2.1,5.3,151,,,,
Bengkulu,Seluma,26.0,21.4,31.2,5.8,4.0,8.4,14.8,11.4,18.9,4.8,3.4,6.6,256,,,,
Bengkulu,Mukomuko,27.1,22.7,32.1,14.3,10.0,20.0,14.1,10.5,18.7,7.2,5.0,10.3,251,,,,
Bengkulu,Lebong,15.7,11.1,21.7,8.2,5.2,12.7,5.2,3.0,8.7,4.7,2.6,8.2,129,,,,RSE>25%
Bengkulu,Kepahiang,22.1,16.8,28.5,2.6,1.1,5.9,11.3,7.5,16.5,4.5,2.7,7.5,169,,RSE>25%,,RSE>25%
Bengkulu,Bengkulu Tengah,23.2,18.5,28.7,8.6,6.2,11.7,12.2,8.5,17.1,5.6,3.3,9.3,146,,,,RSE>25%
Bengkulu,Kota Bengkulu,6.7,4.6,9.5,4.1,2.1,7.9,4.5,2.8,7.2,3.2,1.7,5.8,478,,RSE>25%,,RSE>25%
Bengkulu,BENGKULU (Provinsi),20.2,18.8,21.7,7.2,6.3,8.3,10.7,9.7,11.8,5.3,4.6,6.1,2467,,,,
Lampung,Lampung Barat,24.6,20.3,29.4,4.9,3.3,7.1,13.5,10.7,17.0,3.6,2.4,5.3,389,,,,
Lampung,Tanggamus,17.1,13.1,22.0,6.5,4.5,9.3,13.0,10.2,16.4,1.7,0.9,3.1,773,,,,RSE>25%
Lampung,Lampung Selatan,10.3,7.7,13.6,7.1,4.8,10.3,11.0,7.6,15.7,3.7,1.9,7.0,1327,,,,RSE>25%
Lampung,Lampung Timur,14.2,11.7,17.3,6.3,4.3,9.3,13.3,10.8,16.2,2.8,1.7,4.6,1217,,,,
Lampung,Lampung Tengah,16.7,13.7,20.3,7.0,4.8,10.1,14.8,12.0,18.2,3.4,2.3,5.1,1662,,,,
Lampung,Lampung Utara,23.5,19.6,27.9,7.4,5.5,10.0,18.0,15.0,21.3,2.1,1.2,3.6,770,,,,RSE>25%
Lampung,Way Kanan,22.7,19.0,26.8,10.2,8.0,12.9,16.4,13.4,19.9,3.5,2.3,5.3,611,,,,
Lampung,Tulang Bawang,9.8,7.2,13.2,9.9,7.1,13.7,10.9,7.8,15.0,2.7,1.3,5.8,509,,,,RSE>25%
Lampung,Pesawaran,10.0,7.3,13.6,5.2,3.4,8.0,6.3,4.3,9.1,3.9,2.5,5.9,583,,,,
Lampung,Pringsewu,15.8,12.6,19.5,8.8,6.5,11.9,16.3,12.9,20.4,1.8,1.0,3.3,473,,,,RSE>25%
Lampung,Mesuji,5.0,3.3,7.5,3.1,1.8,5.5,2.9,1.7,4.7,4.1,2.5,6.6,291,,RSE>25%,,
Lampung,Tulangbawang Barat,10.5,8.1,13.5,7.1,4.8,10.3,9.7,6.7,13.7,4.1,2.7,6.0,356,,,,
Lampung,Pesisir Barat,16.1,13.0,19.8,10.3,8.0,13.1,11.5,8.5,15.3,5.6,3.5,8.8,218,,,,
Lampung,Kota Bandar Lampung,13.4,10.8,16.4,8.4,5.8,12.1,8.6,6.5,11.3,4.8,3.0,7.7,1335,,,,
Lampung,Kota Metro,7.1,4.9,10.1,8.2,5.7,11.6,9.1,6.0,13.4,3.5,2.0,6.0,197,,,,RSE>25%
Lampung,LAMPUNG (Provinsi),14.9,13.9,15.9,7.3,6.6,8.2,12.3,11.4,13.3,3.4,2.9,3.9,10712,,,,
Kepulauan Bangka Belitung,Bangka,23.2,19.3,27.5,11.0,8.5,14.2,13.9,10.7,18.0,7.4,5.3,10.5,395,,,,
Kepulauan Bangka Belitung,Belitung,20.8,17.2,25.0,5.1,3.4,7.7,12.3,9.5,15.9,12.4,9.1,16.7,207,,,,
Kepulauan Bangka Belitung,Bangka Barat,20.6,16.8,25.0,8.5,5.9,12.0,16.0,12.7,20.0,7.4,5.8,9.4,244,,,,
Kepulauan Bangka Belitung,Bangka Tengah,18.2,15.1,21.8,8.6,6.6,11.2,15.3,12.1,19.3,4.5,3.0,6.7,245,,,,
Kepulauan Bangka Belitung,Bangka Selatan,20.7,17.1,24.8,7.4,5.7,9.5,13.3,10.6,16.7,7.3,5.4,9.7,221,,,,
Kepulauan Bangka Belitung,Belitung Timur,17.3,14.9,20.1,7.2,4.8,10.6,12.3,9.7,15.5,9.6,6.9,13.1,140,,,,
Kepulauan Bangka Belitung,Kota Pangkal Pinang,20.7,16.6,25.6,5.9,4.0,8.6,9.7,7.2,13.0,8.5,6.1,11.7,280,,,,
Kepulauan Bangka Belitung,KEPULAUAN BANGKA BELITUNG (Provinsi),20.6,19.1,22.3,8.0,7.1,9.1,13.4,12.1,14.7,7.9,7.0,9.0,1733,,,,
Kepulauan Riau,Karimun,17.9,14.4,22.2,6.2,4.3,8.9,13.4,10.7,16.8,3.4,1.7,6.7,309,,,,RSE>25%
Kepulauan Riau,Bintan,21.6,17.9,25.9,9.8,6.8,14.1,15.4,11.4,20.5,4.0,2.7,6.0,193,,,,
Kepulauan Riau,Natuna,16.1,13.1,19.6,8.7,6.7,11.3,14.6,11.9,17.8,7.5,5.4,10.4,104,,,,
Kepulauan Riau,Lingga,20.5,16.7,24.9,10.2,7.5,13.8,14.8,11.5,18.9,5.1,3.1,8.2,109,,,,RSE>25%
Kepulauan Riau,Kepulauan Anambas,15.2,11.1,20.5,8.6,5.6,13.1,13.8,9.9,18.8,5.0,3.3,7.6,62,,,,
Kepulauan Riau,Kota Batam,16.1,13.3,19.4,5.3,3.7,7.4,11.5,8.7,15.1,4.6,3.3,6.3,1583,,,,
Kepulauan Riau,Kota Tanjung Pinang,15.2,11.3,20.1,7.5,5.1,10.9,14.1,9.9,19.7,5.0,3.2,7.8,254,,,,
Kepulauan Riau,KEPULAUAN RIAU (Provinsi),16.8,14.9,18.9,6.4,5.2,7.7,12.6,10.6,14.8,4.6,3.7,5.7,2613,,,,
DKI Jakarta,Kepulauan Seribu,18.6,14.7,23.3,10.2,8.2,12.6,18.6,15.6,22.2,5.8,4.1,8.1,37,,,, N<50
DKI Jakarta,Kota Jakarta Selatan,16.6,14.2,19.4,11.4,8.1,15.7,11.6,8.9,14.9,5.9,4.4,8.0,2022,,,,
DKI Jakarta,Kota Jakarta Timur,16.8,13.7,20.5,9.3,6.9,12.4,13.4,10.3,17.1,6.8,4.8,9.5,3039,,,,
DKI Jakarta,Kota Jakarta Pusat,19.1,15.2,23.7,8.7,6.4,11.6,15.0,11.6,19.1,5.0,3.4,7.1,887,,,,
DKI Jakarta,Kota Jakarta Barat,17.1,14.3,20.4,11.0,8.7,13.7,17.2,14.0,21.0,7.5,5.5,10.2,2411,,,,
DKI Jakarta,Kota Jakarta Utara,19.8,16.0,24.3,9.5,7.1,12.6,16.0,12.7,19.8,7.0,4.7,10.3,1855,,,,
DKI Jakarta,DKI JAKARTA (Provinsi),17.6,16.1,19.2,10.1,8.8,11.5,14.5,13.0,16.2,6.7,5.7,7.9,10252,,,,
Jawa Barat,Bogor,27.6,23.6,32.1,8.5,6.5,11.0,19.7,16.6,23.1,4.0,2.7,5.9,6093,,,,
Jawa Barat,Sukabumi,27.0,23.4,30.9,6.4,4.6,8.9,17.9,14.3,22.3,3.6,2.4,5.3,3017,,,,
Jawa Barat,Cianjur,11.4,9.1,14.3,3.4,2.2,5.1,7.0,5.4,9.1,2.4,1.5,3.7,2916,,,,
Jawa Barat,Bandung,29.2,25.7,33.0,6.2,4.5,8.3,15.8,13.0,19.0,3.3,2.2,4.9,4131,,,,
Jawa Barat,Garut,24.1,21.0,27.5,3.1,2.0,4.9,12.7,9.9,16.0,2.6,1.6,4.0,3333,,,,
Jawa Barat,Tasikmalaya,20.7,17.4,24.4,4.0,2.7,5.9,10.1,8.2,12.4,3.9,2.4,6.3,2063,,,,
Jawa Barat,Ciamis,25.4,21.6,29.7,5.2,3.9,7.0,16.4,13.7,19.4,4.2,2.3,7.5,1224,,,,RSE>25%
Jawa Barat,Kuningan,23.4,19.8,27.5,6.4,4.8,8.5,15.7,12.9,18.9,3.1,2.1,4.5,1347,,,,
Jawa Barat,Cirebon,22.9,19.4,26.7,9.7,7.7,12.1,18.6,15.5,22.1,4.7,3.4,6.4,2806,,,,
Jawa Barat,Majalengka,24.1,20.7,27.8,7.0,5.3,9.2,15.0,12.3,18.3,5.3,3.9,7.0,1375,,,,
Jawa Barat,Sumedang,14.4,11.1,18.3,3.9,2.7,5.7,10.0,7.9,12.7,2.7,1.7,4.4,1162,,,,
Jawa Barat,Indramayu,18.4,15.4,21.9,9.5,7.1,12.5,15.4,12.6,18.6,5.4,3.7,7.8,1918,,,,
Jawa Barat,Subang,18.7,15.1,22.9,9.5,7.3,12.3,13.3,10.8,16.3,6.0,4.3,8.3,1677,,,,
Jawa Barat,Purwakarta,24.0,20.2,28.3,6.5,4.8,8.8,14.1,11.8,16.9,4.6,3.3,6.4,1200,,,,
Jawa Barat,Karawang,17.1,14.0,20.8,6.3,4.5,8.7,14.7,12.3,17.4,3.0,2.0,4.6,2671,,,,
Jawa Barat,Bekasi,23.2,19.6,27.2,7.7,5.9,10.1,17.9,14.8,21.6,4.4,3.1,6.0,3671,,,,
Jawa Barat,Bandung Barat,25.1,20.5,30.4,5.1,3.7,7.1,13.2,10.4,16.7,2.0,1.2,3.1,2083,,,,
Jawa Barat,Pangandaran,23.9,20.5,27.6,7.7,5.7,10.3,13.1,10.9,15.5,4.9,3.4,7.0,429,,,,
Jawa Barat,Kota Bogor,18.2,15.3,21.5,4.9,3.6,6.6,13.8,11.3,16.9,3.2,2.1,4.7,1102,,,,
Jawa Barat,Kota Sukabumi,26.9,22.8,31.3,5.3,3.7,7.4,13.6,11.0,16.7,5.0,3.4,7.2,416,,,,
Jawa Barat,Kota Bandung,16.3,13.8,19.3,5.5,4.0,7.6,11.3,9.0,14.1,4.1,2.9,5.7,2439,,,,
Jawa Barat,Kota Cirebon,19.9,16.4,23.9,10.7,8.4,13.5,20.2,17.1,23.8,3.2,2.1,4.7,380,,,,
Jawa Barat,Kota Bekasi,10.3,8.1,13.1,5.7,4.1,7.8,11.5,9.1,14.5,5.3,3.8,7.4,2725,,,,
Jawa Barat,Kota Depok,14.3,11.7,17.4,5.8,4.3,8.0,12.8,10.2,15.9,5.2,3.7,7.3,2299,,,,
Jawa Barat,Kota Cimahi,24.5,21.3,28.0,4.0,2.5,6.5,14.1,11.0,18.1,3.7,2.3,5.8,612,,,,
Jawa Barat,Kota Tasikmalaya,27.1,23.3,31.2,4.6,3.1,6.8,14.0,11.6,16.9,3.4,2.3,5.1,860,,,,
Jawa Barat,Kota Banjar,23.6,19.8,27.8,8.2,5.4,12.3,15.7,12.9,18.9,3.8,2.5,5.7,234,,,,
Jawa Barat,JAWA BARAT (Provinsi),21.7,20.8,22.6,6.4,5.9,6.8,14.7,14.0,15.4,3.9,3.6,4.3,54183,,,,
Jawa Tengah,Cilacap,18.5,14.5,23.3,7.4,5.9,9.3,14.4,11.8,17.4,3.6,2.2,5.9,2017,,,,
Jawa Tengah,Banyumas,20.9,17.5,24.8,4.1,2.9,5.8,12.3,9.8,15.4,2.9,1.9,4.6,1868,,,,
Jawa Tengah,Purbalingga,26.0,20.3,32.7,6.0,4.2,8.5,15.7,12.4,19.7,3.3,2.0,5.3,1100,,,,
Jawa Tengah,Banjarnegara,19.9,16.3,24.0,4.9,3.3,7.0,12.0,9.7,14.8,4.7,3.0,7.2,1087,,,,
Jawa Tengah,Kebumen,21.9,18.1,26.1,4.7,3.2,6.9,15.5,12.9,18.6,1.6,1.0,2.6,1481,,,,
Jawa Tengah,Purworejo,20.6,17.3,24.5,6.2,4.3,8.8,11.3,9.3,13.8,3.6,2.4,5.4,753,,,,
Jawa Tengah,Wonosobo,29.2,25.7,33.0,5.1,3.7,7.0,16.2,13.5,19.2,3.8,2.5,5.9,991,,,,
Jawa Tengah,Magelang,25.8,21.4,30.8,4.7,3.3,6.5,12.0,9.3,15.4,4.3,2.6,7.1,1311,,,,RSE>25%
Jawa Tengah,Boyolali,21.5,18.0,25.5,6.2,4.3,8.9,18.0,14.4,22.2,3.2,2.1,4.8,1115,,,,
Jawa Tengah,Klaten,24.5,22.0,27.2,7.5,5.2,10.7,18.6,15.6,22.1,5.8,3.4,9.6,1170,,,,RSE>25%
Jawa Tengah,Sukoharjo,24.3,20.8,28.3,6.8,5.2,8.9,15.1,12.1,18.6,4.9,3.4,7.1,869,,,,
Jawa Tengah,Wonogiri,19.5,16.9,22.5,3.2,2.2,4.6,9.8,7.6,12.6,4.3,2.8,6.5,862,,,,
Jawa Tengah,Karanganyar,22.2,18.3,26.8,5.3,3.8,7.3,10.7,8.7,13.2,6.2,4.4,8.6,921,,,,
Jawa Tengah,Sragen,18.4,14.7,22.9,7.8,5.6,10.7,12.0,9.1,15.8,4.4,3.0,6.6,932,,,,
Jawa Tengah,Grobogan,20.2,16.5,24.4,12.7,9.8,16.4,15.1,11.9,19.1,6.1,4.2,8.8,1617,,,,
Jawa Tengah,Blora,21.2,17.5,25.3,8.3,6.5,10.6,17.3,14.3,20.8,4.2,2.8,6.2,842,,,,
Jawa Tengah,Rembang,19.5,16.6,22.8,10.1,8.1,12.5,17.6,15.0,20.6,2.6,1.7,4.0,659,,,,
Jawa Tengah,Pati,18.5,15.3,22.2,7.5,5.5,10.3,14.8,12.2,17.9,6.4,4.6,8.8,1296,,,,
Jawa Tengah,Kudus,15.7,12.5,19.5,8.7,6.6,11.5,9.9,7.8,12.4,7.9,6.2,10.0,911,,,,
Jawa Tengah,Jepara,18.9,16.0,22.2,10.4,7.4,14.4,17.1,14.5,20.0,2.8,1.7,4.5,1299,,,,
Jawa Tengah,Demak,9.5,7.1,12.6,6.8,4.5,10.0,14.1,10.1,19.3,2.6,1.7,4.0,1359,,,,
Jawa Tengah,Semarang,18.8,14.3,24.4,6.5,4.8,8.7,13.0,9.0,18.5,5.2,3.4,7.8,1050,,,,
Jawa Tengah,Temanggung,25.1,19.8,31.2,3.6,2.3,5.6,12.5,8.9,17.2,2.9,1.8,4.5,786,,,,
Jawa Tengah,Kendal,22.4,18.3,27.2,16.9,12.9,21.7,20.1,15.7,25.3,9.4,6.7,13.1,1020,,,,
Jawa Tengah,Batang,24.7,20.8,29.0,11.0,8.4,14.2,16.2,13.2,19.7,6.3,4.6,8.6,898,,,,
Jawa Tengah,Pekalongan,28.6,23.8,33.9,11.3,8.6,14.6,21.8,17.7,26.6,2.9,1.9,4.5,1130,,,,
Jawa Tengah,Pemalang,15.3,12.2,19.2,6.7,4.8,9.3,10.6,8.7,12.9,3.5,2.3,5.2,1607,,,,
Jawa Tengah,Tegal,21.5,17.7,25.9,4.2,3.1,5.7,13.9,11.3,17.0,2.6,1.7,4.0,1862,,,,
Jawa Tengah,Brebes,21.6,17.8,25.9,5.4,4.0,7.3,14.1,11.2,17.6,2.0,1.1,3.3,2190,,,,RSE>25%
Jawa Tengah,Kota Magelang,15.4,12.5,18.8,4.5,3.0,6.9,11.9,9.3,15.2,5.5,3.8,7.8,102,,,,
Jawa Tengah,Kota Surakarta,16.0,13.0,19.4,3.6,2.4,5.3,13.4,10.9,16.3,6.4,4.7,8.8,463,,,,
Jawa Tengah,Kota Salatiga,16.9,13.8,20.6,4.7,3.3,6.8,10.9,8.6,13.6,7.7,5.7,10.3,196,,,,
Jawa Tengah,Kota Semarang,15.7,12.9,19.0,6.2,4.4,8.7,11.8,9.3,14.8,6.2,4.6,8.3,1552,,,,
Jawa Tengah,Kota Pekalongan,28.2,23.9,32.9,13.9,11.1,17.3,20.9,17.5,24.7,3.3,2.2,4.9,346,,,,
Jawa Tengah,Kota Tegal,22.3,18.6,26.4,9.3,7.1,12.2,20.3,17.0,24.0,4.8,3.2,7.0,310,,,,
Jawa Tengah,JAWA TENGAH (Provinsi),20.7,20.0,21.5,7.1,6.7,7.5,14.4,13.9,15.1,4.2,3.9,4.6,37972,,,,
DI Yogyakarta,Kulon Progo,21.2,18.4,24.3,5.3,3.8,7.1,12.9,10.5,15.7,3.6,2.4,5.4,399,,,,
DI Yogyakarta,Bantul,20.5,17.7,23.5,7.9,5.9,10.6,14.7,12.1,17.7,3.4,2.4,4.9,925,,,,
DI Yogyakarta,Gunung Kidul,22.2,19.0,25.8,7.2,5.2,9.9,14.5,11.5,18.3,3.7,2.6,5.2,630,,,,
DI Yogyakarta,Sleman,12.4,10.4,14.7,7.4,5.5,9.8,11.5,9.1,14.4,3.8,2.6,5.3,1037,,,,
DI Yogyakarta,Kota Yogyakarta,16.8,13.4,20.9,6.0,4.1,8.6,13.5,10.7,16.9,3.8,2.3,6.2,306,,,,
DI Yogyakarta,DI YOGYAKARTA (Provinsi),18.0,16.7,19.4,7.1,6.1,8.3,13.3,12.0,14.8,3.6,3.0,4.3,3296,,,,
Jawa Timur,Pacitan,20.9,17.5,24.7,7.0,5.2,9.3,11.2,9.0,13.9,8.8,6.2,12.3,491,,,,
Jawa Timur,Ponorogo,16.1,12.3,20.7,7.9,6.1,10.3,13.0,10.3,16.3,3.9,2.5,5.9,839,,,,
Jawa Timur,Trenggalek,15.8,13.1,18.8,3.2,1.9,5.2,12.8,10.4,15.8,4.5,3.2,6.5,654,,RSE>25%,,
Jawa Timur,Tulungagung,21.5,18.4,25.0,8.2,6.1,11.1,12.6,10.3,15.4,6.0,4.5,7.9,997,,,,
Jawa Timur,Blitar,20.3,17.4,23.5,6.0,4.1,8.5,11.0,8.7,13.9,6.3,4.5,8.9,1110,,,,
Jawa Timur,Kediri,16.8,14.0,20.0,7.9,5.7,10.9,14.2,11.6,17.2,5.5,3.2,9.3,1652,,,,RSE>25%
Jawa Timur,Malang,19.5,16.1,23.3,5.1,3.7,7.0,13.0,9.9,16.8,3.7,2.6,5.2,2507,,,,
Jawa Timur,Lumajang,29.9,25.4,34.8,10.1,8.0,12.6,21.5,18.4,25.0,3.7,2.3,6.1,1078,,,,RSE>25%
Jawa Timur,Jember,29.7,25.6,34.2,8.2,6.1,10.9,22.0,18.6,25.9,2.6,1.4,4.8,2369,,,,RSE>25%
Jawa Timur,Banyuwangi,21.9,18.7,25.3,6.5,4.6,9.1,14.7,11.9,18.0,3.5,2.3,5.2,1674,,,,
Jawa Timur,Bondowoso,17.0,13.6,21.0,6.5,4.6,9.1,12.5,9.9,15.7,3.4,2.3,5.0,778,,,,
Jawa Timur,Situbondo,4.1,2.8,6.1,2.9,1.5,5.4,2.8,1.7,4.5,0.3,0.1,1.2,635,,RSE>25%,,RSE>25%
Jawa Timur,Probolinggo,35.4,31.4,39.7,9.5,7.7,11.8,25.7,22.2,29.5,4.9,3.4,6.9,1195,,,,
Jawa Timur,Pasuruan,27.9,24.6,31.5,8.5,6.6,10.7,22.7,19.5,26.3,2.7,1.7,4.2,1575,,,,
Jawa Timur,Sidoarjo,8.4,6.0,11.5,5.2,3.3,8.0,7.9,4.9,12.5,5.8,4.2,8.0,1978,,,,
Jawa Timur,Mojokerto,16.2,13.6,19.2,6.5,4.4,9.6,9.7,7.3,12.9,4.3,3.1,6.0,1173,,,,
Jawa Timur,Jombang,18.0,14.8,21.9,7.1,5.4,9.3,10.8,8.9,13.2,4.7,3.4,6.4,1349,,,,
Jawa Timur,Nganjuk,17.1,13.8,21.1,6.2,4.3,9.0,11.8,8.8,15.5,4.5,2.8,7.3,1045,,,,
Jawa Timur,Madiun,16.5,13.5,20.1,4.9,3.2,7.4,12.4,10.0,15.3,5.0,3.2,7.7,667,,,,
Jawa Timur,Magetan,19.2,16.4,22.5,4.4,2.9,6.6,13.4,10.6,16.9,4.3,2.7,6.7,614,,,,
Jawa Timur,Ngawi,14.0,11.2,17.5,8.3,5.8,11.7,14.8,12.4,17.6,5.0,3.6,6.8,780,,,,
Jawa Timur,Bojonegoro,14.1,11.2,17.5,7.4,5.7,9.6,13.4,10.2,17.4,3.3,2.2,4.8,1170,,,,
Jawa Timur,Tuban,17.8,15.0,20.9,7.1,5.2,9.7,15.5,12.6,18.8,4.2,2.7,6.6,1031,,,,
Jawa Timur,Lamongan,9.4,7.3,11.9,6.7,4.9,9.0,10.7,8.4,13.6,3.4,2.1,5.3,1257,,,,
Jawa Timur,Gresik,15.4,12.7,18.6,8.0,6.0,10.7,14.8,12.2,17.9,4.3,2.6,7.1,1301,,,,RSE>25%
Jawa Timur,Bangkalan,10.2,7.5,13.7,6.2,4.2,9.0,7.1,5.4,9.2,2.4,1.2,4.6,1074,,,,RSE>25%
Jawa Timur,Sampang,14.1,10.0,19.4,6.7,4.1,10.8,8.5,5.5,12.9,4.0,2.5,6.4,1210,,,,
Jawa Timur,Pamekasan,25.1,19.1,32.3,7.9,6.2,10.0,16.8,12.8,21.6,5.0,3.6,7.1,985,,,,
Jawa Timur,Sumenep,16.7,13.1,20.9,11.0,8.3,14.4,10.8,7.9,14.5,2.3,1.2,4.3,1065,,,,RSE>25%
Jawa Timur,Kota Kediri,18.6,15.4,22.2,6.0,4.2,8.7,10.0,7.6,13.0,6.9,5.1,9.3,290,,,,
Jawa Timur,Kota Blitar,17.7,14.5,21.4,6.6,4.6,9.2,12.4,9.6,15.9,9.2,7.1,11.9,148,,,,
Jawa Timur,Kota Malang,17.3,14.0,21.3,6.0,4.3,8.4,13.4,10.5,16.9,3.9,2.5,6.0,804,,,,
Jawa Timur,Kota Probolinggo,31.8,28.5,35.4,7.2,5.3,9.6,20.2,17.1,23.7,7.1,5.3,9.6,275,,,,
Jawa Timur,Kota Pasuruan,11.7,8.7,15.6,4.3,2.4,7.4,8.0,5.4,11.6,2.2,1.3,3.9,245,,RSE>25%,,RSE>25%
Jawa Timur,Kota Mojokerto,11.0,8.6,14.1,8.0,5.8,10.9,8.3,5.8,11.8,7.0,5.1,9.7,134,,,,
Jawa Timur,Kota Madiun,12.8,10.0,16.2,5.5,3.6,8.2,10.6,8.0,14.0,7.5,5.5,10.2,182,,,,
Jawa Timur,Kota Surabaya,1.6,0.9,3.1,4.1,2.7,6.3,5.7,3.7,8.7,6.4,4.8,8.5,2605,RSE>25%,,,
Jawa Timur,Kota Batu,23.1,19.5,27.1,2.8,1.7,4.8,12.8,9.9,16.3,3.9,2.4,6.2,225,,RSE>25%,,
Jawa Timur,JAWA TIMUR (Provinsi),17.7,17.0,18.3,6.8,6.4,7.2,13.3,12.7,13.9,4.3,4.0,4.7,39162,,,,
Banten,Pandeglang,28.6,24.6,32.9,9.7,7.7,12.3,22.1,18.7,26.0,3.9,2.5,5.9,1482,,,,
Banten,Lebak,35.5,31.4,39.7,11.2,8.6,14.4,24.1,20.6,28.1,2.3,1.3,3.8,1683,,,,RSE>25%
Banten,Tangerang,26.4,22.0,31.4,9.2,7.4,11.4,19.4,16.2,23.1,3.8,2.6,5.8,3666,,,,
Banten,Serang,23.9,20.2,28.0,18.2,14.9,22.2,16.7,13.5,20.4,7.4,4.7,11.3,1949,,,,
Banten,Kota Tangerang,17.6,14.6,21.1,7.1,5.1,9.8,13.4,10.4,17.0,6.9,4.8,9.9,2107,,,,
Banten,Kota Cilegon,22.0,17.8,26.8,7.7,5.9,10.1,14.0,10.5,18.4,5.8,4.2,8.0,573,,,,
Banten,Kota Serang,22.3,18.0,27.1,11.1,8.4,14.4,19.2,15.6,23.4,4.1,2.7,6.2,854,,,,
Banten,Kota Tangerang Selatan,9.2,6.7,12.6,6.3,4.2,9.2,8.8,6.6,11.8,5.2,3.8,7.0,1304,,,,
Banten,BANTEN (Provinsi),24.0,22.3,25.7,10.2,9.3,11.3,17.7,16.4,19.2,4.9,4.1,5.7,13618,,,,
Bali,Jembrana,8.7,6.4,11.8,3.2,2.0,5.0,6.9,4.8,9.8,3.2,1.9,5.2,329,,,,RSE>25%
Bali,Tabanan,6.3,4.6,8.6,3.3,2.0,5.6,6.7,4.2,10.5,4.9,3.4,7.1,392,,RSE>25%,,
Bali,Badung,4.9,3.2,7.6,1.7,0.8,3.6,3.5,2.0,5.9,5.9,4.1,8.4,531,,RSE>25%,RSE>25%,
Bali,Gianyar,6.3,4.6,8.5,2.3,1.4,3.7,5.8,4.1,8.0,5.1,3.7,7.0,487,,,,
Bali,Klungkung,4.9,3.2,7.5,1.4,0.7,2.7,3.7,2.5,5.5,4.7,3.3,6.6,211,,RSE>25%,,
Bali,Bangli,10.2,7.7,13.4,1.7,0.8,3.4,4.3,2.7,6.8,3.8,2.6,5.6,249,,RSE>25%,,
Bali,Karangasem,6.4,4.7,8.6,2.4,1.3,4.3,6.1,4.3,8.4,3.0,1.6,5.7,531,,RSE>25%,,RSE>25%
Bali,Buleleng,6.2,4.1,9.3,5.1,3.0,8.6,5.4,3.3,8.7,4.2,2.6,6.7,838,,RSE>25%,,
Bali,Kota Denpasar,10.8,8.1,14.3,6.5,3.8,11.0,7.3,5.0,10.6,6.8,5.0,9.2,703,,RSE>25%,,
Bali,BALI (Provinsi),7.2,6.3,8.2,3.6,2.8,4.5,5.7,4.9,6.6,4.8,4.1,5.5,4270,,,,
Nusa Tenggara Barat,Lombok Barat,19.9,16.1,24.2,7.5,5.3,10.5,17.8,14.1,22.2,1.0,0.4,2.6,933,,,,RSE>25%
Nusa Tenggara Barat,Lombok Tengah,17.6,13.9,22.1,5.9,3.9,8.9,15.2,11.1,20.6,1.9,1.0,3.6,1224,,,,RSE>25%
Nusa Tenggara Barat,Lombok Timur,27.6,22.6,33.2,6.5,4.8,8.8,20.2,16.6,24.4,1.7,0.8,3.4,1886,,,,RSE>25%
Nusa Tenggara Barat,Sumbawa,25.7,22.2,29.6,9.5,7.3,12.3,22.8,19.0,27.0,1.0,0.4,2.3,603,,,,RSE>25%
Nusa Tenggara Barat,Dompu,12.4,9.2,16.7,6.3,4.2,9.4,10.2,7.1,14.4,4.1,1.8,9.0,319,,,,RSE>25%
Nusa Tenggara Barat,Bima,36.7,32.5,41.0,18.7,15.6,22.2,37.9,33.9,42.0,1.5,0.8,2.9,666,,,,RSE>25%
Nusa Tenggara Barat,Sumbawa Barat,10.5,8.4,13.1,6.8,4.7,9.7,14.9,11.9,18.4,1.1,0.5,2.2,202,,,,RSE>25%
Nusa Tenggara Barat,Lombok Utara,33.5,28.8,38.6,9.8,7.5,12.7,24.8,20.9,29.3,1.2,0.6,2.6,345,,,,RSE>25%
Nusa Tenggara Barat,Kota Mataram,25.6,21.2,30.5,9.6,7.3,12.6,19.2,15.7,23.4,3.0,1.9,4.6,531,,,,
Nusa Tenggara Barat,Kota Bima,31.8,28.2,35.6,12.4,10.0,15.3,30.6,27.6,33.9,0.9,0.4,2.1,213,,,,RSE>25%
Nusa Tenggara Barat,NUSA TENGGARA BARAT (Provinsi),24.6,22.7,26.5,8.6,7.7,9.5,20.8,19.2,22.5,1.7,1.3,2.2,6921,,,,
Nusa Tenggara Timur,Sumba Barat,42.5,37.4,47.8,11.5,8.4,15.4,23.9,20.3,27.9,2.7,1.6,4.4,258,,,,RSE>25%
Nusa Tenggara Timur,Sumba Timur,26.3,22.5,30.5,13.7,11.0,17.0,24.1,20.7,27.8,3.3,2.1,5.0,386,,,,
Nusa Tenggara Timur,Kupang,38.4,33.8,43.1,12.2,9.4,15.7,32.9,28.8,37.3,1.9,1.0,3.4,483,,,,RSE>25%
Nusa Tenggara Timur,Timor Tengah Selatan,50.1,45.2,55.1,14.5,11.9,17.6,34.0,29.3,38.9,4.7,3.3,6.6,601,,,,
Nusa Tenggara Timur,Timor Tengah Utara,42.7,37.8,47.7,13.1,10.0,16.9,35.1,30.3,40.3,1.6,0.5,4.7,359,,,,RSE>25%
Nusa Tenggara Timur,Belu,48.1,42.4,53.8,11.8,9.2,15.0,36.9,32.4,41.5,1.5,0.7,3.1,326,,,,RSE>25%
Nusa Tenggara Timur,Alor,39.3,34.7,44.2,13.3,10.5,16.7,31.7,27.5,36.2,3.2,2.0,5.0,325,,,,
Nusa Tenggara Timur,Lembata,35.1,31.5,38.9,15.4,11.8,19.7,29.9,25.9,34.1,2.4,1.3,4.1,205,,,,RSE>25%
Nusa Tenggara Timur,Flores Timur,37.2,33.1,41.5,18.4,14.8,22.6,31.3,26.9,36.0,1.8,1.0,3.5,376,,,,RSE>25%
Nusa Tenggara Timur,Sikka,33.3,29.9,36.9,17.0,13.7,20.9,26.3,22.1,30.9,2.2,1.3,3.6,461,,,,RSE>25%
Nusa Tenggara Timur,Ende,27.5,22.9,32.7,15.2,12.3,18.6,25.5,22.0,29.3,1.1,0.5,2.6,289,,,,RSE>25%
Nusa Tenggara Timur,Ngada,21.3,17.4,25.8,12.5,9.6,16.0,20.5,16.6,25.1,1.9,1.0,3.5,207,,,,RSE>25%
Nusa Tenggara Timur,Manggarai,36.8,30.2,44.0,12.6,9.5,16.5,28.2,24.0,32.7,2.3,1.0,5.1,468,,,,RSE>25%
Nusa Tenggara Timur,Rote Ndao,39.8,34.9,44.9,15.5,12.9,18.6,31.4,27.1,36.1,2.7,1.7,4.5,228,,,,RSE>25%
Nusa Tenggara Timur,Manggarai Barat,36.2,32.0,40.6,9.7,7.3,12.9,23.9,20.4,27.9,1.1,0.5,2.4,422,,,,RSE>25%
Nusa Tenggara Timur,Sumba Tengah,39.5,35.0,44.3,12.2,9.1,16.3,26.8,22.3,31.9,2.0,1.1,3.6,161,,,,RSE>25%
Nusa Tenggara Timur,Sumba Barat Daya,44.3,40.4,48.2,12.6,9.6,16.3,29.7,26.0,33.8,4.4,2.9,6.8,540,,,,
Nusa Tenggara Timur,Nagekeo,24.9,21.0,29.3,11.9,9.0,15.5,21.3,18.0,25.0,1.4,0.6,3.2,201,,,,RSE>25%
Nusa Tenggara Timur,Manggarai Timur,43.7,38.8,48.8,13.3,10.5,16.7,35.7,31.3,40.5,2.0,1.1,3.5,387,,,,RSE>25%
Nusa Tenggara Timur,Sabu Raijua,36.9,32.4,41.6,21.7,17.4,26.7,39.7,35.6,43.9,0.8,0.3,1.8,150,,,,RSE>25%
Nusa Tenggara Timur,Malaka,47.7,43.4,52.0,13.8,10.8,17.6,36.2,30.5,42.3,2.8,1.4,5.6,246,,,,RSE>25%
Nusa Tenggara Timur,Kota Kupang,29.9,26.2,33.9,12.1,9.3,15.5,26.8,22.7,31.2,3.3,2.0,5.4,683,,,,RSE>25%
Nusa Tenggara Timur,NUSA TENGGARA TIMUR (Provinsi),37.9,36.8,39.0,13.6,12.8,14.3,29.7,28.7,30.7,2.5,2.2,2.9,7762,,,,
Kalimantan Barat,Sambas,30.8,26.8,35.1,16.0,12.7,19.8,27.3,23.5,31.6,7.3,4.9,10.6,773,,,,
Kalimantan Barat,Bengkayang,32.7,28.3,37.4,15.3,12.3,19.0,25.0,21.0,29.5,4.3,2.3,8.2,360,,,,RSE>25%
Kalimantan Barat,Landak,31.0,26.7,35.7,14.6,11.5,18.5,25.1,21.1,29.6,4.2,2.9,5.9,506,,,,
Kalimantan Barat,Mempawah,27.2,23.5,31.2,15.8,12.7,19.6,28.0,24.5,31.9,6.2,4.1,9.2,375,,,,
Kalimantan Barat,Sanggau,22.1,18.5,26.2,11.9,9.3,15.0,18.4,14.9,22.6,4.4,2.8,6.9,590,,,,
Kalimantan Barat,Ketapang,,,,,,,,,,,,,, N/A,N/A,N/A,N/A
Kalimantan Barat,Sintang,24.8,18.5,32.4,9.3,6.1,14.0,17.6,12.2,24.8,6.2,3.5,10.7,534,,,,RSE>25%
Kalimantan Barat,Kapuas Hulu,16.7,11.1,24.4,21.1,16.0,27.2,20.3,15.5,26.2,4.3,2.3,7.8,309,,,,RSE>25%
Kalimantan Barat,Sekadau,12.2,9.3,15.9,11.7,9.1,15.1,14.1,11.0,17.9,4.3,2.7,6.7,257,,,,
Kalimantan Barat,Melawi,35.3,30.6,40.3,16.1,12.3,20.9,30.8,25.9,36.3,4.7,3.0,7.3,284,,,,
Kalimantan Barat,Kayong Utara,22.9,18.2,28.3,13.7,9.8,18.8,16.2,12.5,20.7,6.7,4.7,9.3,166,,,,
Kalimantan Barat,Kubu Raya,25.4,21.3,30.1,13.6,10.4,17.6,22.6,18.2,27.7,4.1,2.4,6.8,778,,,,RSE>25%
Kalimantan Barat,Kota Pontianak,16.7,14.0,19.8,10.9,7.4,15.7,16.5,13.5,20.1,5.3,3.6,7.6,762,,,,
Kalimantan Barat,Kota Singkawang,20.1,16.2,24.8,17.8,14.0,22.2,23.8,20.1,28.1,3.7,1.7,7.6,325,,,,RSE>25%
Kalimantan Barat,KALIMANTAN BARAT (Provinsi),24.5,23.2,25.9,13.3,12.3,14.4,21.1,19.8,22.4,5.5,4.8,6.3,6703,,,,
Kalimantan Tengah,Kotawaringin Barat,17.9,14.2,22.4,7.7,5.5,10.6,14.7,11.4,18.8,6.7,4.7,9.3,342,,,,
Kalimantan Tengah,Kotawaringin Timur,35.5,28.9,42.7,9.0,6.1,13.1,23.1,18.0,29.0,9.2,5.1,16.0,494,,,,RSE>25%
Kalimantan Tengah,Kapuas,16.2,12.1,21.4,9.2,5.0,16.5,15.8,10.4,23.1,5.2,2.3,11.0,483,,RSE>25%,,RSE>25%
Kalimantan Tengah,Barito Selatan,23.9,20.3,28.0,11.8,7.7,17.8,27.0,22.4,32.1,3.9,2.2,6.8,155,,,,RSE>25%
Kalimantan Tengah,Barito Utara,15.3,10.4,21.8,2.5,1.3,4.8,5.8,3.6,9.4,10.9,6.6,17.5,191,,RSE>25%,,
Kalimantan Tengah,Sukamara,29.1,22.9,36.2,9.8,6.1,15.3,18.3,13.0,25.2,7.5,4.2,12.9,81,,,,RSE>25%
Kalimantan Tengah,Lamandau,13.2,8.7,19.5,7.4,5.2,10.5,10.7,7.8,14.4,6.7,4.8,9.3,121,,,,
Kalimantan Tengah,Seruyan,25.8,19.1,33.9,9.0,6.0,13.3,21.0,15.0,28.6,6.5,4.4,9.6,201,,,,
Kalimantan Tengah,Katingan,34.0,29.6,38.8,12.0,8.8,16.2,25.2,20.7,30.3,5.6,3.5,8.8,211,,,,
Kalimantan Tengah,Pulang Pisau,24.0,18.3,31.0,12.6,8.9,17.4,19.4,14.7,25.2,7.2,4.8,10.6,159,,,,
Kalimantan Tengah,Gunung Mas,12.9,9.5,17.4,4.6,2.9,7.0,5.9,4.2,8.4,2.5,1.4,4.3,180,,,,RSE>25%
Kalimantan Tengah,Barito Timur,21.7,16.5,27.9,9.7,6.6,13.8,20.9,16.9,25.5,6.0,4.0,8.9,133,,,,
Kalimantan Tengah,Murung Raya,21.0,16.6,26.2,7.2,4.9,10.7,19.0,15.4,23.1,4.5,2.4,8.5,151,,,,RSE>25%
Kalimantan Tengah,Kota Palangka Raya,28.0,22.4,34.3,11.9,8.8,15.9,17.6,13.6,22.6,12.4,7.9,19.0,368,,,,
Kalimantan Tengah,KALIMANTAN TENGAH (Provinsi),23.5,21.8,25.4,9.0,7.9,10.3,17.7,16.2,19.4,7.2,6.0,8.6,3270,,,,
Kalimantan Selatan,Tanah Laut,41.7,35.8,47.9,11.2,8.1,15.4,22.8,18.7,27.4,9.9,7.8,12.7,415,,,,
Kalimantan Selatan,Kota Baru,20.1,15.8,25.2,10.9,8.5,13.7,19.0,15.3,23.4,4.3,2.9,6.3,410,,,,
Kalimantan Selatan,Banjar,30.1,25.9,34.6,11.5,9.1,14.4,27.9,23.8,32.4,2.2,1.2,3.8,677,,,,RSE>25%
Kalimantan Selatan,Barito Kuala,15.9,12.7,19.8,13.6,9.9,18.3,17.0,13.2,21.6,2.9,1.8,4.8,361,,,,RSE>25%
Kalimantan Selatan,Tapin,14.4,11.0,18.6,7.8,5.7,10.6,15.0,11.5,19.3,6.8,4.3,10.6,220,,,,
Kalimantan Selatan,Hulu Sungai Selatan,25.4,21.2,30.1,13.6,10.3,17.8,21.5,17.6,26.1,2.6,1.6,4.4,268,,,,RSE>25%
Kalimantan Selatan,Hulu Sungai Tengah,13.0,10.7,15.6,9.3,6.8,12.5,18.9,15.2,23.3,2.2,1.4,3.6,299,,,,
Kalimantan Selatan,Hulu Sungai Utara,36.0,30.0,42.5,11.8,8.9,15.4,32.2,27.3,37.5,6.0,3.9,8.9,286,,,,
Kalimantan Selatan,Tabalong,18.1,14.5,22.4,9.3,6.7,12.7,17.9,14.2,22.3,3.7,2.3,6.0,326,,,,
Kalimantan Selatan,Tanah Bumbu,25.1,20.6,30.3,12.6,9.7,16.2,20.8,16.9,25.4,6.4,4.2,9.5,439,,,,
Kalimantan Selatan,Balangan,33.4,29.2,38.0,11.7,8.3,16.2,21.1,17.0,25.9,4.2,2.5,7.0,167,,,,RSE>25%
Kalimantan Selatan,Kota Banjarmasin,26.5,22.6,30.9,18.4,14.4,23.2,21.9,17.3,27.4,6.1,4.3,8.8,724,,,,
Kalimantan Selatan,Kota Banjar Baru,12.4,9.8,15.5,12.0,8.7,16.4,16.1,12.8,20.2,4.2,2.4,7.5,332,,,,RSE>25%
Kalimantan Selatan,KALIMANTAN SELATAN (Provinsi),24.7,23.3,26.1,12.4,11.4,13.5,21.5,20.2,22.9,4.8,4.2,5.4,4923,,,,
Kalimantan Timur,Paser,22.4,18.1,27.3,10.7,7.9,14.4,22.0,18.2,26.4,3.4,2.0,5.6,338,,,,RSE>25%
Kalimantan Timur,Kutai Barat,22.0,17.4,27.3,12.2,8.5,17.2,18.9,14.4,24.4,9.5,6.8,13.1,189,,,,
Kalimantan Timur,Kutai Kartanegara,17.6,14.3,21.5,9.3,6.3,13.4,16.5,12.8,21.1,4.0,2.7,5.8,851,,,,
Kalimantan Timur,Kutai Timur,29.0,23.6,35.1,9.6,6.2,14.5,18.5,14.0,24.0,3.8,2.3,6.4,501,,,,RSE>25%
Kalimantan Timur,Berau,23.0,19.5,27.0,7.1,5.5,9.1,19.4,16.6,22.5,4.9,3.2,7.4,306,,,,
Kalimantan Timur,Penajam Paser Utara,24.6,20.7,28.9,9.2,6.9,12.2,18.8,15.4,22.7,2.3,1.3,4.1,239,,,,RSE>25%
Kalimantan Timur,Mahakam Hulu,,,,,,,,,,,,,, N/A,N/A,N/A,N/A
Kalimantan Timur,Kota Balikpapan,21.6,17.7,26.1,10.4,8.0,13.3,18.2,15.4,21.3,4.2,2.7,6.3,820,,,,
Kalimantan Timur,Kota Samarinda,24.4,20.4,28.9,11.8,9.1,15.1,16.7,13.1,21.0,6.1,4.5,8.3,901,,,,
Kalimantan Timur,Kota Bontang,27.4,22.9,32.4,10.7,8.0,14.3,19.1,15.4,23.5,5.3,3.5,7.8,238,,,,
Kalimantan Timur,KALIMANTAN TIMUR (Provinsi),22.9,21.3,24.6,10.1,9.0,11.4,18.0,16.6,19.5,4.7,4.1,5.4,4420,,,,
Kalimantan Utara,Malinau,20.5,16.7,24.9,12.1,8.9,16.1,18.3,14.2,23.4,6.3,4.3,9.2,100,,,,
Kalimantan Utara,Bulungan,22.6,18.1,27.9,11.6,7.9,16.8,20.0,15.7,25.1,6.6,4.2,10.2,182,,,,
Kalimantan Utara,Tana Tidung,15.1,10.5,21.2,4.4,2.7,6.9,9.0,5.5,14.2,1.7,0.8,3.5,39,,,,RSE>25%
Kalimantan Utara,Nunukan,15.8,12.4,19.9,7.6,5.1,11.0,14.1,10.5,18.7,3.3,2.0,5.7,238,,,,RSE>25%
Kalimantan Utara,Kota Tarakan,14.8,11.1,19.5,7.4,5.5,9.9,13.2,10.5,16.5,3.7,2.4,5.7,309,,,,
Kalimantan Utara,KALIMANTAN UTARA (Provinsi),17.4,15.3,19.6,8.7,7.3,10.4,15.3,13.4,17.3,4.4,3.5,5.5,867,,,,
Sulawesi Utara,Bolang Mongondow,24.8,20.5,29.7,10.5,8.0,13.7,20.1,16.5,24.3,3.7,2.4,5.5,257,,,,
Sulawesi Utara,Minahasa,23.1,17.8,29.4,5.0,2.9,8.4,7.4,4.6,11.7,9.0,5.6,14.1,329,,RSE>25%,,
Sulawesi Utara,Sangihe Talaud,19.0,14.9,23.8,13.8,10.7,17.5,21.2,17.1,26.0,1.9,1.0,3.7,132,,,,RSE>25%
Sulawesi Utara,Kepulauan Talaud,19.3,15.0,24.6,8.7,6.1,12.2,17.0,12.9,22.1,3.5,1.8,6.9,96,,,,RSE>25%
Sulawesi Utara,Minahasa Selatan,26.4,21.6,31.8,8.5,6.1,11.9,11.6,8.7,15.2,6.6,4.4,10.0,228,,,,
Sulawesi Utara,Minahasa Utara,10.9,7.4,15.7,8.1,5.7,11.3,9.2,6.9,12.1,5.7,3.6,8.7,231,,,,
Sulawesi Utara,Bolaang Mangondow Utara,27.8,23.6,32.3,23.0,18.9,27.7,32.4,28.2,36.9,1.7,0.9,3.2,98,,,,RSE>25%
Sulawesi Utara,Siau Tagulandang Biaro,24.9,20.5,29.8,10.2,6.8,14.9,16.2,11.8,21.8,6.7,4.0,10.8,66,,,,RSE>25%
Sulawesi Utara,Minahasa Tenggara,15.0,11.6,19.3,14.1,10.1,19.4,11.0,7.5,15.9,7.2,5.2,9.8,131,,,,
Sulawesi Utara,Bolaang Mongondow Selatan,33.0,27.3,39.2,15.7,12.6,19.4,23.7,20.0,27.9,5.1,3.3,7.8,86,,,,
Sulawesi Utara,Bolaang Mongondow Timur,28.4,22.8,34.7,5.4,3.2,9.2,14.1,10.0,19.7,5.0,3.2,7.7,93,,RSE>25%,,
Sulawesi Utara,Kota Manado,21.8,15.7,29.3,9.2,5.4,15.3,13.8,9.8,19.1,4.9,2.5,9.3,473,,RSE>25%,,RSE>25%
Sulawesi Utara,Kota Bitung,19.5,15.4,24.4,6.4,4.1,9.8,15.3,11.6,20.0,4.5,2.5,8.1,251,,,,RSE>25%
Sulawesi Utara,Kota Tomohon,10.5,7.6,14.3,1.9,1.0,3.8,5.6,3.5,8.7,7.7,5.4,10.8,108,,RSE>25%,,
Sulawesi Utara,Kota Mobagu,20.5,14.3,28.5,10.8,6.5,17.6,13.2,9.1,18.9,5.5,3.5,8.6,137,,RSE>25%,,
Sulawesi Utara,SULAWESI UTARA (Provinsi),21.3,19.6,23.1,9.2,8.2,10.4,14.2,13.0,15.5,5.4,4.6,6.4,2714,,,,
Sulawesi Tengah,Banggai Kepulauan,27.7,24.0,31.7,11.5,8.7,15.0,23.8,20.0,28.1,1.6,0.8,3.1,141,,,,RSE>25%
Sulawesi Tengah,Banggai,29.1,23.8,35.1,9.7,7.5,12.6,22.7,18.6,27.5,2.9,1.7,4.9,436,,,,RSE>25%
Sulawesi Tengah,Morowali,26.0,20.3,32.7,9.5,6.4,13.9,21.2,16.9,26.2,3.8,2.1,6.9,229,,,,RSE>25%
Sulawesi Tengah,Poso,26.5,22.4,30.9,10.0,7.3,13.6,18.9,15.6,22.7,3.8,2.5,5.8,275,,,,
Sulawesi Tengah,Donggala,34.1,29.8,38.8,13.6,11.2,16.5,31.5,27.4,35.8,1.9,1.2,3.2,336,,,,RSE>25%
Sulawesi Tengah,Toli-toli,29.0,25.4,32.9,22.9,19.4,26.8,33.2,28.7,38.0,2.6,1.5,4.4,300,,,,RSE>25%
Sulawesi Tengah,Buol,30.0,25.2,35.4,15.1,11.1,20.2,26.0,21.1,31.7,2.2,1.2,3.8,213,,,,RSE>25%
Sulawesi Tengah,Parigi Moutong,28.5,23.2,34.5,12.7,9.8,16.2,23.8,18.7,29.9,2.3,1.2,4.3,507,,,,RSE>25%
Sulawesi Tengah,Tojo Una-Una,21.3,17.7,25.4,18.6,15.2,22.5,29.1,24.9,33.6,1.2,0.4,3.4,212,,,,RSE>25%
Sulawesi Tengah,Sigi,26.4,22.5,30.7,12.2,9.1,16.0,24.4,20.5,28.6,2.7,1.6,4.3,317,,,,
Sulawesi Tengah,Banggai Laut,25.6,21.3,30.4,11.9,8.7,16.1,23.9,20.0,28.2,2.4,1.3,4.3,92,,,,RSE>25%
Sulawesi Tengah,Morowali Utara,24.7,20.0,30.2,10.7,8.0,14.1,16.8,13.4,20.8,5.8,3.5,9.6,149,,,,RSE>25%
Sulawesi Tengah,Kota Palu,22.1,17.8,27.1,10.9,8.3,14.2,20.5,16.1,25.8,2.1,1.1,3.9,493,,,,RSE>25%
Sulawesi Tengah,SULAWESI TENGAH (Provinsi),27.2,25.7,28.7,12.9,12.0,13.9,24.4,23.0,25.8,2.6,2.2,3.1,3700,,,,
Sulawesi Selatan,Selayar,31.3,26.8,36.1,9.2,6.8,12.2,21.7,18.1,25.7,5.4,3.3,8.7,147,,,,
Sulawesi Selatan,Bulukumba,33.7,30.4,37.2,8.8,7.0,10.9,20.0,17.1,23.3,4.1,2.9,5.8,479,,,,
Sulawesi Selatan,Bantaeng,15.8,11.9,20.7,4.8,3.2,7.2,11.0,7.4,16.0,3.0,1.9,4.8,227,,,,
Sulawesi Selatan,Jeneponto,36.3,31.7,41.2,8.7,5.7,13.2,27.3,22.1,33.2,2.3,1.4,3.9,459,,,,RSE>25%
Sulawesi Selatan,Takalar,35.4,31.3,39.8,13.4,10.4,17.0,29.5,25.3,34.1,1.5,0.8,2.9,380,,,,RSE>25%
Sulawesi Selatan,Gowa,21.1,17.3,25.3,11.1,8.6,14.2,18.7,14.9,23.2,3.9,2.6,5.8,909,,,,
Sulawesi Selatan,Sinjai,33.5,29.3,38.0,7.6,5.5,10.5,22.3,19.1,25.9,2.8,1.6,4.7,314,,,,RSE>25%
Sulawesi Selatan,Maros,34.7,29.5,40.3,8.1,6.0,10.9,22.1,18.5,26.3,5.5,3.5,8.4,489,,,,
Sulawesi Selatan,Pangkajene Kepulauan,30.0,26.0,34.4,10.8,8.4,13.8,26.4,21.9,31.4,1.6,0.9,3.0,408,,,,RSE>25%
Sulawesi Selatan,Barru,22.1,17.9,26.9,11.2,9.0,13.9,22.5,19.0,26.5,2.6,1.6,4.3,208,,,,RSE>25%
Sulawesi Selatan,Bone,26.0,21.4,31.2,9.9,7.5,13.0,19.8,16.1,24.1,4.0,2.5,6.2,859,,,,
Sulawesi Selatan,Soppeng,24.0,19.6,29.1,7.3,5.5,9.7,20.4,17.2,24.1,3.5,2.3,5.4,236,,,,
Sulawesi Selatan,Wajo,27.4,23.8,31.2,11.0,8.5,14.2,23.9,20.8,27.3,3.5,2.1,5.7,382,,,,RSE>25%
Sulawesi Selatan,Sidenreng Rappang,26.4,22.3,31.0,8.1,5.6,11.8,15.1,11.6,19.5,5.4,3.1,9.3,359,,,,RSE>25%
Sulawesi Selatan,Pinrang,17.6,14.4,21.5,7.4,5.3,10.3,14.4,10.8,18.9,3.0,1.8,5.2,487,,,,RSE>25%
Sulawesi Selatan,Enrekang,34.9,30.8,39.2,4.1,2.8,5.9,15.5,12.6,18.8,2.9,1.9,4.6,276,,,,
Sulawesi Selatan,Luwu,32.1,27.9,36.6,10.0,8.0,12.4,18.6,15.7,21.9,6.1,4.2,8.8,448,,,,
Sulawesi Selatan,Tana Toraja,36.9,31.8,42.4,3.7,2.4,5.7,13.8,11.1,16.9,5.5,3.7,8.2,331,,,,
Sulawesi Selatan,Luwu Utara,15.5,12.4,19.2,6.5,4.8,8.9,15.6,12.6,19.1,3.6,2.3,5.5,394,,,,
Sulawesi Selatan,Luwu Timur,26.0,22.4,29.9,8.1,5.8,11.2,19.1,15.5,23.2,5.2,3.8,7.2,397,,,,
Sulawesi Selatan,Toraja Utara,28.7,25.4,32.1,3.2,1.9,5.3,14.6,11.9,17.9,2.7,1.6,4.4,360,,RSE>25%,,RSE>25%
Sulawesi Selatan,Kota Makassar,25.6,21.4,30.3,11.2,8.5,14.6,21.6,18.3,25.4,4.5,2.8,7.0,1590,,,,
Sulawesi Selatan,Kota Parepare,26.7,21.9,32.2,10.7,7.9,14.3,20.1,16.0,25.0,7.0,4.4,10.9,205,,,,
Sulawesi Selatan,Kota Palopo,25.5,20.8,30.9,11.7,8.9,15.4,20.6,16.9,24.9,3.2,1.8,5.5,252,,,,RSE>25%
Sulawesi Selatan,SULAWESI SELATAN (Provinsi),27.4,26.3,28.5,9.1,8.4,9.8,20.1,19.1,21.0,3.9,3.5,4.4,10595,,,,
Sulawesi Tenggara,Buton,37.2,32.9,41.8,12.8,10.0,16.1,30.5,26.6,34.7,2.4,1.5,3.9,171,,,,
Sulawesi Tenggara,Muna,29.2,25.9,32.7,9.7,7.6,12.3,21.6,18.5,24.9,2.0,1.1,3.6,288,,,,RSE>25%
Sulawesi Tenggara,Konawe,27.8,24.0,31.9,14.4,11.0,18.7,22.2,18.0,27.1,5.5,3.5,8.6,352,,,,
Sulawesi Tenggara,Kolaka,23.8,20.3,27.8,11.7,8.4,16.2,19.0,15.6,22.9,4.0,2.6,6.0,298,,,,
Sulawesi Tenggara,Konawe Selatan,33.6,29.4,38.0,15.1,11.8,19.2,29.0,24.9,33.4,6.7,4.7,9.4,413,,,,
Sulawesi Tenggara,Bombana,30.4,24.9,36.4,12.3,10.2,14.8,28.9,25.0,33.3,1.5,0.8,2.9,217,,,,RSE>25%
Sulawesi Tenggara,Wakatobi,31.9,27.2,36.9,11.3,9.1,13.9,23.9,20.2,28.0,4.1,2.6,6.2,158,,,,
Sulawesi Tenggara,Kolaka Utara,31.8,27.7,36.3,14.7,11.5,18.4,25.9,21.0,31.5,3.2,2.0,5.1,186,,,,
Sulawesi Tenggara,Buton Utara,33.9,29.4,38.8,9.3,7.0,12.3,23.7,20.1,27.8,3.6,2.3,5.4,95,,,,
Sulawesi Tenggara,Konawe Utara,24.7,20.5,29.6,9.6,6.5,13.7,19.9,15.8,24.7,5.0,3.2,7.7,104,,,,
Sulawesi Tenggara,Kolaka Timur,31.3,23.9,39.8,9.8,7.2,13.1,15.4,10.1,22.7,11.6,8.3,15.9,160,,,,
Sulawesi Tenggara,Konawe Kepulauan,31.3,26.1,37.0,12.2,8.9,16.4,22.6,18.1,27.8,5.4,3.7,7.8,53,,,,
Sulawesi Tenggara,Muna Barat,24.4,21.0,28.1,5.2,3.7,7.2,15.1,12.4,18.3,1.6,0.8,3.2,121,,,,RSE>25%
Sulawesi Tenggara,Buton Tengah,36.8,31.2,42.8,10.8,8.0,14.5,30.3,25.6,35.6,1.3,0.7,2.4,163,,,,RSE>25%
Sulawesi Tenggara,Buton Selatan,37.1,31.3,43.2,17.7,13.9,22.3,36.2,27.9,45.4,2.3,1.2,4.2,145,,,,RSE>25%
Sulawesi Tenggara,Kota Kendari,25.7,20.7,31.5,9.4,6.3,13.8,19.9,15.9,24.7,5.5,2.9,10.4,458,,,,RSE>25%
Sulawesi Tenggara,Kota Baubau,29.7,25.1,34.7,15.0,12.1,18.4,23.7,19.8,28.0,2.9,1.7,4.8,224,,,,RSE>25%
Sulawesi Tenggara,SULAWESI TENGGARA (Provinsi),30.0,28.8,31.3,12.1,11.2,13.1,23.9,22.7,25.2,4.3,3.6,5.0,3607,,,,
Gorontalo,Boalemo,16.0,13.0,19.4,12.6,10.1,15.6,18.1,14.4,22.6,1.1,0.5,2.5,185,,,,RSE>25%
Gorontalo,Gorontalo,34.7,30.2,39.5,13.8,10.5,18.0,24.9,20.6,29.7,5.1,3.3,7.7,468,,,,
Gorontalo,Pohuwato,18.4,15.2,22.2,15.4,12.2,19.3,23.0,18.6,28.1,2.8,1.7,4.5,179,,,,
Gorontalo,Bone Bolango,27.1,22.8,32.0,11.0,8.3,14.3,22.3,17.8,27.6,3.4,2.2,5.3,199,,,,
Gorontalo,Gorontalo Utara,30.5,25.6,35.7,14.1,10.6,18.4,26.3,21.7,31.3,4.8,2.8,8.0,157,,,,RSE>25%
Gorontalo,Kota Gorontalo,23.6,19.7,28.0,9.1,6.8,12.0,15.3,11.8,19.6,7.6,5.7,10.0,235,,,,
Gorontalo,GORONTALO (Provinsi),26.9,25.0,28.8,12.7,11.2,14.4,22.0,20.0,24.1,4.4,3.6,5.4,1423,,,,
Sulawesi Barat,Majene,30.5,26.9,34.3,9.1,7.2,11.5,23.8,20.1,28.0,1.1,0.5,2.3,261,,,,RSE>25%
Sulawesi Barat,Polewali Mandar,28.1,23.0,33.8,8.3,6.3,10.9,23.8,20.1,27.9,1.5,0.6,3.8,625,,,,RSE>25%
Sulawesi Barat,Mamasa,37.6,33.0,42.4,6.5,4.3,9.8,19.2,15.9,23.0,3.1,1.7,5.5,211,,,,RSE>25%
Sulawesi Barat,Mamuju,32.8,27.7,38.3,9.9,7.4,13.1,23.3,19.7,27.5,2.4,1.4,3.8,399,,,,RSE>25%
Sulawesi Barat,Pasangkayu,27.9,23.6,32.6,10.1,7.8,13.0,19.0,14.7,24.1,4.3,2.7,6.7,263,,,,
Sulawesi Barat,Mamuju Tengah,27.9,23.6,32.6,15.6,12.2,19.7,28.8,24.5,33.5,4.0,2.5,6.3,202,,,,
Sulawesi Barat,SULAWESI BARAT (Provinsi),30.3,28.1,32.6,9.5,8.4,10.8,23.1,21.3,24.9,2.4,1.9,3.2,1960,,,,
Maluku,Kepulauan Tanimbar,25.1,19.2,32.1,14.4,10.9,18.8,24.1,19.9,29.0,4.5,2.8,7.1,169,,,,
Maluku,Maluku Tenggara,34.0,28.6,39.9,8.0,5.5,11.5,23.5,19.1,28.5,1.7,0.7,3.9,153,,,,RSE>25%
Maluku,Maluku Tengah,29.4,25.0,34.2,14.4,11.6,17.8,26.0,21.5,31.1,2.1,1.2,3.4,481,,,,RSE>25%
Maluku,Buru,20.3,15.6,25.9,12.1,9.2,15.9,19.0,14.9,24.0,0.7,0.3,1.9,180,,,,RSE>25%
Maluku,Kepulauan Aru,40.6,35.7,45.6,21.5,17.8,25.8,34.5,30.0,39.3,5.0,3.3,7.5,145,,,,
Maluku,Seram Bagian Barat,31.4,27.0,36.1,20.4,16.3,25.2,29.8,25.4,34.6,0.9,0.4,1.9,314,,,,RSE>25%
Maluku,Seram Bagian Timur,27.5,20.5,35.7,22.9,16.7,30.5,28.9,20.5,38.9,4.8,2.6,8.8,197,,,,RSE>25%
Maluku,Maluku Barat Daya,29.9,24.3,36.2,20.0,15.7,25.1,31.7,26.1,38.0,0.7,0.2,2.2,122,,,,RSE>25%
Maluku,Buru Selatan,35.5,29.1,42.6,12.5,8.8,17.3,20.6,15.3,27.2,10.0,6.3,15.6,114,,,,
Maluku,Kota Ambon,20.7,17.1,24.8,12.1,9.6,15.3,18.5,15.2,22.3,2.2,1.0,4.7,426,,,,RSE>25%
Maluku,Kota Tual,32.0,27.6,36.8,11.9,8.9,15.6,25.4,21.9,29.3,3.6,2.2,5.7,119,,,,
Maluku,MALUKU (Provinsi),28.4,26.7,30.1,15.4,14.1,16.7,25.1,23.5,26.8,2.8,2.3,3.4,2418,,,,
Maluku Utara,Halmahera Barat,26.1,21.1,31.8,15.8,11.3,21.7,25.6,20.3,31.7,0.9,0.3,2.2,157,,,,RSE>25%
Maluku Utara,Halmahera Tengah,29.5,24.0,35.6,12.9,9.5,17.4,24.7,18.7,31.8,3.5,1.7,6.9,82,,,,RSE>25%
Maluku Utara,Kepulauan Sula,18.8,14.4,24.1,20.1,15.1,26.3,22.2,17.1,28.4,1.5,0.8,2.9,136,,,,RSE>25%
Maluku Utara,Halmahera Selatan,30.4,25.6,35.8,15.6,12.0,20.2,21.8,18.0,26.1,4.4,2.9,6.6,326,,,,
Maluku Utara,Halmahera Utara,24.3,19.6,29.8,18.3,13.2,24.8,27.1,22.5,32.3,2.6,1.5,4.5,255,,,,RSE>25%
Maluku Utara,Halmahera Timur,19.0,15.6,22.8,15.8,12.6,19.7,14.8,11.4,18.9,3.6,2.2,6.0,127,,,,RSE>25%
Maluku Utara,Pulau Morotai,11.7,7.6,17.5,5.1,3.5,7.6,3.5,2.0,6.0,3.3,2.1,5.3,126,,,,RSE>25%
Maluku Utara,Pulau Taliabu,30.6,25.0,36.7,16.7,12.5,21.9,25.9,20.5,32.2,2.7,1.4,5.1,78,,,,RSE>25%
Maluku Utara,Kota Ternate,21.1,15.8,27.6,17.6,12.9,23.4,20.5,16.8,24.9,6.9,4.4,10.6,264,,,,
Maluku Utara,Kota Tidore Kepulauan,21.3,16.7,26.7,15.1,11.6,19.5,18.3,15.0,22.2,2.3,1.2,4.5,138,,,,RSE>25%
Maluku Utara,MALUKU UTARA (Provinsi),23.7,21.9,25.6,15.8,14.2,17.6,20.9,19.4,22.6,3.5,2.9,4.3,1689,,,,
Papua Barat,Fakfak,30.5,24.8,36.9,8.2,5.5,12.0,21.5,17.4,26.3,6.4,4.2,9.6,123,,,,
Papua Barat,Kaimana,25.7,19.6,32.8,9.3,6.5,13.3,16.9,13.8,20.6,4.8,3.1,7.2,87,,,,
Papua Barat,Teluk Wondama,19.7,15.6,24.7,11.7,9.0,15.2,22.8,18.4,28.1,2.1,0.8,5.4,77,,,,RSE>25%
Papua Barat,Teluk Bintuni,19.6,14.5,25.9,7.5,5.4,10.3,16.3,12.0,21.9,2.9,1.4,5.7,103,,,,RSE>25%
Papua Barat,Manokwari,,,,,,,,,,,,,, N/A,N/A,N/A,N/A
Papua Barat,Manokwari Selatan,20.4,15.6,26.3,12.5,10.0,15.6,16.5,12.5,21.4,4.2,2.6,6.6,52,,,,
Papua Barat,Pegunungan Arfak,34.7,25.8,44.9,14.6,10.2,20.4,23.4,16.7,31.7,6.0,3.3,10.8,52,,,,RSE>25%
Papua Barat,PAPUA BARAT (Provinsi),24.8,21.3,28.6,11.6,9.7,13.7,20.1,17.1,23.5,4.8,3.6,6.3,751,,,,
Papua Barat Daya,Sorong Selatan,31.3,25.7,37.4,16.4,12.8,20.7,30.4,25.8,35.3,2.3,1.2,4.7,80,,,,RSE>25%
Papua Barat Daya,Sorong,27.3,23.2,31.8,11.4,8.5,15.2,21.5,17.0,26.9,4.6,2.8,7.5,153,,,,RSE>25%
Papua Barat Daya,Raja Ampat,30.9,26.0,36.3,19.8,15.9,24.4,30.6,25.3,36.6,2.5,1.3,4.9,115,,,,RSE>25%
Papua Barat Daya,Tambrauw,31.8,23.8,41.0,17.4,12.9,23.0,30.1,24.3,36.6,2.3,1.0,5.3,57,,,,RSE>25%
Papua Barat Daya,Maybrat,,,,,,,,,,,,,, N/A,N/A,N/A,N/A
Papua Barat Daya,Kota Sorong,31.0,26.6,35.9,11.4,8.1,15.8,20.4,15.9,25.8,6.3,4.2,9.3,343,,,,RSE>25%
Papua Barat Daya,PAPUA BARAT DAYA (Provinsi),31.0,28.5,33.5,13.4,11.5,15.5,24.0,21.4,26.7,4.5,3.5,5.8,816,,,,
Papua,Jayapura,26.9,22.6,31.7,16.9,11.5,24.1,22.7,18.0,28.2,5.2,3.1,8.5,271,,,,RSE>25%
Papua,Kepulauan Yapen,39.9,34.8,45.3,17.8,13.3,23.6,33.7,27.5,40.5,0.3,0.0,2.1,175,,,,RSE>25%
Papua,Biak Numfor,33.7,28.3,39.5,8.6,5.8,12.3,21.0,16.9,25.6,6.6,3.7,11.5,206,,,,RSE>25%
Papua,Sarmi,26.5,21.4,32.2,14.9,10.7,20.4,16.9,13.0,21.7,8.2,4.9,13.4,62,,,,RSE>25%
Papua,Keerom,34.4,29.4,39.9,13.1,9.7,17.4,16.5,12.7,21.2,8.1,5.5,11.7,101,,,,
Papua,Waropen,26.2,22.1,30.8,14.0,10.6,18.2,26.1,20.4,32.9,2.3,1.0,4.9,60,,,,RSE>25%
Papua,Supiori,37.7,31.4,44.5,19.9,14.8,26.3,30.3,23.7,37.8,6.4,2.7,14.1,44,,,,RSE>25%
Papua,Mamberamo Raya,40.0,32.3,48.3,16.9,12.2,23.0,29.2,19.9,40.6,7.3,4.0,12.8,62,,,,RSE>25%
Papua,Kota Jayapura,21.3,15.8,28.1,10.1,6.7,14.9,14.5,9.6,21.4,4.0,2.2,7.0,555,,,,RSE>25%
Papua,PAPUA (Provinsi),28.6,25.9,31.4,13.1,11.2,15.2,20.7,18.2,23.5,4.7,3.7,6.0,1536,,,,
Papua Selatan,Merauke,23.8,20.0,28.1,10.6,8.0,13.9,16.3,13.1,20.0,9.3,7.1,12.0,385,,,,
Papua Selatan,Boven Digoel,31.4,27.0,36.2,16.7,12.9,21.2,19.2,14.4,25.1,3.5,1.8,6.5,125,,,,RSE>25%
Papua Selatan,Mappi,28.6,23.0,34.8,16.0,12.2,20.8,22.4,18.1,27.4,3.1,1.6,6.0,215,,,,RSE>25%
Papua Selatan,Asmat,,,,,,,,,,,,,, N/A,N/A,N/A,N/A
Papua Selatan,PAPUA SELATAN (Provinsi),25.0,22.1,28.2,13.7,11.3,16.6,20.0,17.1,23.4,5.2,4.1,6.7,1019,,,,
Papua Tengah,Nabire,22.2,18.6,26.2,12.9,8.9,18.3,15.7,11.6,21.0,4.7,3.0,7.2,262,,,,
Papua Tengah,Paniai,,,,,,,,,,,,,, N/A,N/A,N/A,N/A
Papua Tengah,Puncak Jaya,,,,,,,,,,,,,, N/A,N/A,N/A,N/A
Papua Tengah,Mimika,24.7,19.6,30.6,8.2,5.5,12.0,15.5,11.9,20.0,6.1,3.9,9.4,445,,RSE>25%,,
Papua Tengah,Puncak,,,,,,,,,,,,,, N/A,N/A,N/A,N/A
Papua Tengah,Dogiyai,,,,,,,,,,,,,, N/A,N/A,N/A,N/A
Papua Tengah,Intan Jaya,,,,,,,,,,,,,, N/A,N/A,N/A,N/A
Papua Tengah,Deiyai,50.2,36.3,64.0,7.4,3.9,13.6,17.9,12.3,25.2,18.9,12.9,26.8,137,,RSE>25%,,
Papua Tengah,PAPUA TENGAH (Provinsi),39.4,33.6,45.4,18.2,14.7,22.4,22.2,18.4,26.5,12.8,8.7,18.4,1814,,,,
Papua Pegunungan,Jayawijaya,33.2,26.3,40.8,9.0,5.2,14.9,14.2,9.1,21.4,7.8,4.7,12.5,312,,RSE>25%,,
Papua Pegunungan,Yahukimo,,,,,,,,,,,,,, N/A,N/A,N/A,N/A
Papua Pegunungan,Pegunungan Bintang,,,,,,,,,,,,,, N/A,N/A,N/A,N/A
Papua Pegunungan,Tolikara,,,,,,,,,,,,,, N/A,N/A,N/A,N/A
Papua Pegunungan,Nduga,,,,,,,,,,,,,, N/A,N/A,N/A,N/A
Papua Pegunungan,Lanny Jaya,39.5,28.3,52.0,18.4,10.4,30.4,28.0,17.1,42.4,9.2,4.8,17.2,243,,,,RSE>25%
Papua Pegunungan,Mamberamo Tengah,33.0,26.1,40.7,3.4,1.4,7.6,7.9,4.7,13.0,7.9,4.3,13.9,66,,,,RSE>25%
Papua Pegunungan,Yalimo,,,,,,,,,,,,,, N/A,N/A,N/A,N/A
Papua Pegunungan,PAPUA PEGUNUNGAN (Provinsi),37.3,32.3,42.6,10.9,8.6,13.8,15.4,12.2,19.2,10.3,7.7,13.5,1594,,,,
